 /*MEMBER_DIVIDE*/
INSERT INTO MEMBER_DIVIDE
VALUES (1,'관리자');
INSERT INTO MEMBER_DIVIDE
VALUES (2,'멘토');
INSERT INTO MEMBER_DIVIDE
VALUES (3,'멘티');

/*BOARD_DIVIDE*/
INSERT INTO BOARD_DIVIDE
VALUES (10,'공지사항');
INSERT INTO BOARD_DIVIDE
VALUES (20,'자주묻는질문');
INSERT INTO BOARD_DIVIDE
VALUES (30,'궁금해요');
INSERT INTO BOARD_DIVIDE
VALUES (40,'함께해요');

/*GRADE*/
INSERT INTO GRADE
VALUES (100,'관리자');
INSERT INTO GRADE
VALUES (200,'초급');
INSERT INTO GRADE
VALUES (300,'중급');
INSERT INTO GRADE
VALUES (400,'고급');

/*BIG_CATEGORY*/
INSERT INTO BIG_CATEGORY
VALUES (SEQ_BCATEGORYNO.NEXTVAL,'건강');
INSERT INTO BIG_CATEGORY
VALUES (SEQ_BCATEGORYNO.NEXTVAL,'운동');
INSERT INTO BIG_CATEGORY
VALUES (SEQ_BCATEGORYNO.NEXTVAL,'공부');
INSERT INTO BIG_CATEGORY
VALUES (SEQ_BCATEGORYNO.NEXTVAL,'개발');
INSERT INTO BIG_CATEGORY
VALUES (SEQ_BCATEGORYNO.NEXTVAL,'악기');
INSERT INTO BIG_CATEGORY
VALUES (SEQ_BCATEGORYNO.NEXTVAL,'음악');
INSERT INTO BIG_CATEGORY
VALUES (SEQ_BCATEGORYNO.NEXTVAL,'춤');

/*SUB_CATEGORY*/

INSERT INTO SUB_CATEGORY
VALUES (SEQ_SCATEGORYNO.NEXTVAL,'헬스',1);
INSERT INTO SUB_CATEGORY
VALUES (SEQ_SCATEGORYNO.NEXTVAL,'요가',1);
INSERT INTO SUB_CATEGORY
VALUES (SEQ_SCATEGORYNO.NEXTVAL,'필라테스',1);
INSERT INTO SUB_CATEGORY
VALUES (SEQ_SCATEGORYNO.NEXTVAL,'달리기',1);
INSERT INTO SUB_CATEGORY
VALUES (SEQ_SCATEGORYNO.NEXTVAL,'걷기',1);
INSERT INTO SUB_CATEGORY
VALUES (SEQ_SCATEGORYNO.NEXTVAL,'골프',2);
INSERT INTO SUB_CATEGORY
VALUES (SEQ_SCATEGORYNO.NEXTVAL,'권투',2);
INSERT INTO SUB_CATEGORY
VALUES (SEQ_SCATEGORYNO.NEXTVAL,'농구',2);
INSERT INTO SUB_CATEGORY
VALUES (SEQ_SCATEGORYNO.NEXTVAL,'럭비',2);
INSERT INTO SUB_CATEGORY
VALUES (SEQ_SCATEGORYNO.NEXTVAL,'레슬링',2);
INSERT INTO SUB_CATEGORY
VALUES (SEQ_SCATEGORYNO.NEXTVAL,'배구',2);
INSERT INTO SUB_CATEGORY
VALUES (SEQ_SCATEGORYNO.NEXTVAL,'배드민턴',2);
INSERT INTO SUB_CATEGORY
VALUES (SEQ_SCATEGORYNO.NEXTVAL,'사이클',2);
INSERT INTO SUB_CATEGORY
VALUES (SEQ_SCATEGORYNO.NEXTVAL,'수영',2);
INSERT INTO SUB_CATEGORY
VALUES (SEQ_SCATEGORYNO.NEXTVAL,'승마',2);
INSERT INTO SUB_CATEGORY
VALUES (SEQ_SCATEGORYNO.NEXTVAL,'양궁',2);
INSERT INTO SUB_CATEGORY
VALUES (SEQ_SCATEGORYNO.NEXTVAL,'요트',2);
INSERT INTO SUB_CATEGORY
VALUES (SEQ_SCATEGORYNO.NEXTVAL,'유도',2);
INSERT INTO SUB_CATEGORY
VALUES (SEQ_SCATEGORYNO.NEXTVAL,'축구',2);
INSERT INTO SUB_CATEGORY
VALUES (SEQ_SCATEGORYNO.NEXTVAL,'기계체조',2);
INSERT INTO SUB_CATEGORY
VALUES (SEQ_SCATEGORYNO.NEXTVAL,'리듬체조',2);
INSERT INTO SUB_CATEGORY
VALUES (SEQ_SCATEGORYNO.NEXTVAL,'탁구',2);
INSERT INTO SUB_CATEGORY
VALUES (SEQ_SCATEGORYNO.NEXTVAL,'태권도',2);
INSERT INTO SUB_CATEGORY
VALUES (SEQ_SCATEGORYNO.NEXTVAL,'테니스',2);
INSERT INTO SUB_CATEGORY
VALUES (SEQ_SCATEGORYNO.NEXTVAL,'배드민턴',2);
INSERT INTO SUB_CATEGORY
VALUES (SEQ_SCATEGORYNO.NEXTVAL,'야구',2);
INSERT INTO SUB_CATEGORY
VALUES (SEQ_SCATEGORYNO.NEXTVAL,'서핑',2);
INSERT INTO SUB_CATEGORY
VALUES (SEQ_SCATEGORYNO.NEXTVAL,'스케이트',2);
INSERT INTO SUB_CATEGORY
VALUES (SEQ_SCATEGORYNO.NEXTVAL,'스키',2);
INSERT INTO SUB_CATEGORY
VALUES (SEQ_SCATEGORYNO.NEXTVAL,'스노우보드',2);
INSERT INTO SUB_CATEGORY
VALUES (SEQ_SCATEGORYNO.NEXTVAL,'보드',2);
INSERT INTO SUB_CATEGORY
VALUES (SEQ_SCATEGORYNO.NEXTVAL,'줄다리기',2);
INSERT INTO SUB_CATEGORY
VALUES (SEQ_SCATEGORYNO.NEXTVAL,'수학',3);
INSERT INTO SUB_CATEGORY
VALUES (SEQ_SCATEGORYNO.NEXTVAL,'국어',3);
INSERT INTO SUB_CATEGORY
VALUES (SEQ_SCATEGORYNO.NEXTVAL,'영어',3);
INSERT INTO SUB_CATEGORY
VALUES (SEQ_SCATEGORYNO.NEXTVAL,'불어',3);
INSERT INTO SUB_CATEGORY
VALUES (SEQ_SCATEGORYNO.NEXTVAL,'일본어',3);
INSERT INTO SUB_CATEGORY
VALUES (SEQ_SCATEGORYNO.NEXTVAL,'중국어',3);
INSERT INTO SUB_CATEGORY
VALUES (SEQ_SCATEGORYNO.NEXTVAL,'대학수학',3);
INSERT INTO SUB_CATEGORY
VALUES (SEQ_SCATEGORYNO.NEXTVAL,'기계',3);
INSERT INTO SUB_CATEGORY
VALUES (SEQ_SCATEGORYNO.NEXTVAL,'생물',3);
INSERT INTO SUB_CATEGORY
VALUES (SEQ_SCATEGORYNO.NEXTVAL,'지구과학',3);
INSERT INTO SUB_CATEGORY
VALUES (SEQ_SCATEGORYNO.NEXTVAL,'물리',3);
INSERT INTO SUB_CATEGORY
VALUES (SEQ_SCATEGORYNO.NEXTVAL,'화학',3);
INSERT INTO SUB_CATEGORY
VALUES (SEQ_SCATEGORYNO.NEXTVAL,'공무원',3);
INSERT INTO SUB_CATEGORY
VALUES (SEQ_SCATEGORYNO.NEXTVAL,'엄랭',4);
INSERT INTO SUB_CATEGORY
VALUES (SEQ_SCATEGORYNO.NEXTVAL,'파이썬',4);
INSERT INTO SUB_CATEGORY
VALUES (SEQ_SCATEGORYNO.NEXTVAL,'C',4);
INSERT INTO SUB_CATEGORY
VALUES (SEQ_SCATEGORYNO.NEXTVAL,'C++',4);
INSERT INTO SUB_CATEGORY
VALUES (SEQ_SCATEGORYNO.NEXTVAL,'C#',4);
INSERT INTO SUB_CATEGORY
VALUES (SEQ_SCATEGORYNO.NEXTVAL,'코볼',4);
INSERT INTO SUB_CATEGORY
VALUES (SEQ_SCATEGORYNO.NEXTVAL,'자바스크립트',4);
INSERT INTO SUB_CATEGORY
VALUES (SEQ_SCATEGORYNO.NEXTVAL,'타입스크립트',4);
INSERT INTO SUB_CATEGORY
VALUES (SEQ_SCATEGORYNO.NEXTVAL,'리엑트',4);
INSERT INTO SUB_CATEGORY
VALUES (SEQ_SCATEGORYNO.NEXTVAL,'스프링',4);
INSERT INTO SUB_CATEGORY
VALUES (SEQ_SCATEGORYNO.NEXTVAL,'포트란',4);
INSERT INTO SUB_CATEGORY
VALUES (SEQ_SCATEGORYNO.NEXTVAL,'피아노',5);
INSERT INTO SUB_CATEGORY
VALUES (SEQ_SCATEGORYNO.NEXTVAL,'바이올린',5);
INSERT INTO SUB_CATEGORY
VALUES (SEQ_SCATEGORYNO.NEXTVAL,'일렉기타',5);
INSERT INTO SUB_CATEGORY
VALUES (SEQ_SCATEGORYNO.NEXTVAL,'베이스',5);
INSERT INTO SUB_CATEGORY
VALUES (SEQ_SCATEGORYNO.NEXTVAL,'통기타',5);
INSERT INTO SUB_CATEGORY
VALUES (SEQ_SCATEGORYNO.NEXTVAL,'캐스터네츠',5);
INSERT INTO SUB_CATEGORY
VALUES (SEQ_SCATEGORYNO.NEXTVAL,'하모니카',5);
INSERT INTO SUB_CATEGORY
VALUES (SEQ_SCATEGORYNO.NEXTVAL,'드럼',5);
INSERT INTO SUB_CATEGORY
VALUES (SEQ_SCATEGORYNO.NEXTVAL,'리코더',5);
INSERT INTO SUB_CATEGORY
VALUES (SEQ_SCATEGORYNO.NEXTVAL,'작사',6);
INSERT INTO SUB_CATEGORY
VALUES (SEQ_SCATEGORYNO.NEXTVAL,'작곡',6);
INSERT INTO SUB_CATEGORY
VALUES (SEQ_SCATEGORYNO.NEXTVAL,'보컬',6);
INSERT INTO SUB_CATEGORY
VALUES (SEQ_SCATEGORYNO.NEXTVAL,'랩',6);
INSERT INTO SUB_CATEGORY
VALUES (SEQ_SCATEGORYNO.NEXTVAL,'일랙트로닉',6);
INSERT INTO SUB_CATEGORY
VALUES (SEQ_SCATEGORYNO.NEXTVAL,'비트메이커',6);
INSERT INTO SUB_CATEGORY
VALUES (SEQ_SCATEGORYNO.NEXTVAL,'코레오',7);
INSERT INTO SUB_CATEGORY
VALUES (SEQ_SCATEGORYNO.NEXTVAL,'아프로',7);
INSERT INTO SUB_CATEGORY
VALUES (SEQ_SCATEGORYNO.NEXTVAL,'쌈바',7);
INSERT INTO SUB_CATEGORY
VALUES (SEQ_SCATEGORYNO.NEXTVAL,'락킹',7);
INSERT INTO SUB_CATEGORY
VALUES (SEQ_SCATEGORYNO.NEXTVAL,'브레이킹',7);
INSERT INTO SUB_CATEGORY
VALUES (SEQ_SCATEGORYNO.NEXTVAL,'풀라',7);
INSERT INTO SUB_CATEGORY
VALUES (SEQ_SCATEGORYNO.NEXTVAL,'살사',7);
INSERT INTO SUB_CATEGORY
VALUES (SEQ_SCATEGORYNO.NEXTVAL,'에어로빅',7);
INSERT INTO SUB_CATEGORY
VALUES (SEQ_SCATEGORYNO.NEXTVAL,'태보',7);
INSERT INTO SUB_CATEGORY
VALUES (SEQ_SCATEGORYNO.NEXTVAL,'숀리의 다이어트 댄스',7);

/*MEMBER*/
/*관리자*/
INSERT INTO MEMBER 
VALUES (SEQ_MNO.NEXTVAL, 'admin@admin.com', 'ffGLRdHRm2GUrvSDsMbTdvmjzJJfKpGarBSeMtEaFmUjPug1lC/poBs7AS+C2XYNS+FI416hCQhaP+SahuFTog==', '오정연', '990808', 'F', '010-2222-3333','11111','서울','관리자','입니다',SYSDATE,SYSDATE,SYSDATE,'Y',1,100,DEFAULT);
/*멘토*/
INSERT INTO MEMBER 
VALUES (SEQ_MNO.NEXTVAL, 'dhwjddus@naver.com', 'ffGLRdHRm2GUrvSDsMbTdvmjzJJfKpGarBSeMtEaFmUjPug1lC/poBs7AS+C2XYNS+FI416hCQhaP+SahuFTog==', '일정연', '990808', 'F', '010-2222-3333','01066','인천 강북구 한천로123가길 5' ,' (번동)' ,'102호' ,SYSDATE,SYSDATE,SYSDATE,DEFAULT,2,200,DEFAULT);
INSERT INTO MEMBER 
VALUES (SEQ_MNO.NEXTVAL, 'dhwjddus1@naver.com', 'ffGLRdHRm2GUrvSDsMbTdvmjzJJfKpGarBSeMtEaFmUjPug1lC/poBs7AS+C2XYNS+FI416hCQhaP+SahuFTog==', '이정연', '900008', 'F', '010-2222-3333','01066','서울 강북구 한천로123가길 5' ,' (번동)' ,'102호' ,SYSDATE,SYSDATE,SYSDATE,DEFAULT,2,200,DEFAULT);
INSERT INTO MEMBER 
VALUES (SEQ_MNO.NEXTVAL, 'dhwjddus2@naver.com', 'ffGLRdHRm2GUrvSDsMbTdvmjzJJfKpGarBSeMtEaFmUjPug1lC/poBs7AS+C2XYNS+FI416hCQhaP+SahuFTog==', '삼정연', '990908', 'M', '010-2222-3333','01066','인천 강북구 한천로123가길 5' ,' (번동)' ,'102호' ,SYSDATE,SYSDATE,SYSDATE,DEFAULT,2,200,DEFAULT);
INSERT INTO MEMBER 
VALUES (SEQ_MNO.NEXTVAL, 'dhwjddus3@naver.com', 'ffGLRdHRm2GUrvSDsMbTdvmjzJJfKpGarBSeMtEaFmUjPug1lC/poBs7AS+C2XYNS+FI416hCQhaP+SahuFTog==', '사정연', '990823', 'M', '010-2222-3333','01066','경기도 강북구 한천로123가길 5' ,' (번동)' ,'102호' ,SYSDATE,SYSDATE,SYSDATE,DEFAULT,2,200,DEFAULT);
INSERT INTO MEMBER 
VALUES (SEQ_MNO.NEXTVAL, 'dhwjddus4@naver.com', 'ffGLRdHRm2GUrvSDsMbTdvmjzJJfKpGarBSeMtEaFmUjPug1lC/poBs7AS+C2XYNS+FI416hCQhaP+SahuFTog==', '오정연', '890808', 'F', '010-2222-3333','01066','충청북도 강북구 한천로123가길 5' ,' (번동)' ,'102호' ,SYSDATE,SYSDATE,SYSDATE,DEFAULT,2,200,DEFAULT);
INSERT INTO MEMBER 
VALUES (SEQ_MNO.NEXTVAL, 'dhwjddus5@naver.com', 'ffGLRdHRm2GUrvSDsMbTdvmjzJJfKpGarBSeMtEaFmUjPug1lC/poBs7AS+C2XYNS+FI416hCQhaP+SahuFTog==', '육정연', '890808', 'F', '010-2222-3333','01066','충청북도 강북구 한천로123가길 5' ,' (번동)' ,'102호' ,SYSDATE,SYSDATE,SYSDATE,DEFAULT,2,200,DEFAULT);
INSERT INTO MEMBER 
VALUES (SEQ_MNO.NEXTVAL, 'dhwjddus6@naver.com', 'ffGLRdHRm2GUrvSDsMbTdvmjzJJfKpGarBSeMtEaFmUjPug1lC/poBs7AS+C2XYNS+FI416hCQhaP+SahuFTog==', '칠정연', '890808', 'F', '010-2222-3333','01066','충청북도 강북구 한천로123가길 5' ,' (번동)' ,'102호' ,SYSDATE,SYSDATE,SYSDATE,DEFAULT,2,200,DEFAULT);
INSERT INTO MEMBER 
VALUES (SEQ_MNO.NEXTVAL, 'dhwjddus7@naver.com', 'ffGLRdHRm2GUrvSDsMbTdvmjzJJfKpGarBSeMtEaFmUjPug1lC/poBs7AS+C2XYNS+FI416hCQhaP+SahuFTog==', '팔정연', '890808', 'F', '010-2222-3333','01066','충청북도 강북구 한천로123가길 5' ,' (번동)' ,'102호' ,SYSDATE,SYSDATE,SYSDATE,DEFAULT,2,200,DEFAULT);
INSERT INTO MEMBER 
VALUES (SEQ_MNO.NEXTVAL, 'dhwjddus8@naver.com', 'ffGLRdHRm2GUrvSDsMbTdvmjzJJfKpGarBSeMtEaFmUjPug1lC/poBs7AS+C2XYNS+FI416hCQhaP+SahuFTog==', '구정연', '890808', 'F', '010-2222-3333','01066','충청북도 강북구 한천로123가길 5' ,' (번동)' ,'102호' ,SYSDATE,SYSDATE,SYSDATE,DEFAULT,2,200,DEFAULT);
INSERT INTO MEMBER 
VALUES (SEQ_MNO.NEXTVAL, 'dhwjddus9@naver.com', 'ffGLRdHRm2GUrvSDsMbTdvmjzJJfKpGarBSeMtEaFmUjPug1lC/poBs7AS+C2XYNS+FI416hCQhaP+SahuFTog==', '십정연', '890808', 'F', '010-2222-3333','01066','충청북도 강북구 한천로123가길 5' ,' (번동)' ,'102호' ,SYSDATE,SYSDATE,SYSDATE,DEFAULT,2,200,DEFAULT);
INSERT INTO MEMBER 
VALUES (SEQ_MNO.NEXTVAL, 'dhwjddus10@naver.com', 'ffGLRdHRm2GUrvSDsMbTdvmjzJJfKpGarBSeMtEaFmUjPug1lC/poBs7AS+C2XYNS+FI416hCQhaP+SahuFTog==', '십일정연', '890808', 'F', '010-2222-3333','01066','충청북도 강북구 한천로123가길 5' ,' (번동)' ,'102호' ,SYSDATE,SYSDATE,SYSDATE,DEFAULT,2,200,DEFAULT);
INSERT INTO MEMBER 
VALUES (SEQ_MNO.NEXTVAL, 'dhwjddus11@naver.com', 'ffGLRdHRm2GUrvSDsMbTdvmjzJJfKpGarBSeMtEaFmUjPug1lC/poBs7AS+C2XYNS+FI416hCQhaP+SahuFTog==', '십이정연', '890808', 'F', '010-2222-3333','01066','충청북도 강북구 한천로123가길 5' ,' (번동)' ,'102호' ,SYSDATE,SYSDATE,SYSDATE,DEFAULT,2,200,DEFAULT);
INSERT INTO MEMBER 
VALUES (SEQ_MNO.NEXTVAL, 'dhwjddus12@naver.com', 'ffGLRdHRm2GUrvSDsMbTdvmjzJJfKpGarBSeMtEaFmUjPug1lC/poBs7AS+C2XYNS+FI416hCQhaP+SahuFTog==', '십삼정연', '890808', 'F', '010-2222-3333','01066','충청북도 강북구 한천로123가길 5' ,' (번동)' ,'102호' ,SYSDATE,SYSDATE,SYSDATE,DEFAULT,2,200,DEFAULT);
INSERT INTO MEMBER 
VALUES (SEQ_MNO.NEXTVAL, 'dhwjddus13@naver.com', 'ffGLRdHRm2GUrvSDsMbTdvmjzJJfKpGarBSeMtEaFmUjPug1lC/poBs7AS+C2XYNS+FI416hCQhaP+SahuFTog==', '십사정연', '890808', 'F', '010-2222-3333','01066','충청북도 강북구 한천로123가길 5' ,' (번동)' ,'102호' ,SYSDATE,SYSDATE,SYSDATE,DEFAULT,2,200,DEFAULT);
INSERT INTO MEMBER 
VALUES (SEQ_MNO.NEXTVAL, 'dhwjddus14@naver.com', 'ffGLRdHRm2GUrvSDsMbTdvmjzJJfKpGarBSeMtEaFmUjPug1lC/poBs7AS+C2XYNS+FI416hCQhaP+SahuFTog==', '십오정연', '890808', 'F', '010-2222-3333','01066','충청북도 강북구 한천로123가길 5' ,' (번동)' ,'102호' ,SYSDATE,SYSDATE,SYSDATE,DEFAULT,2,200,DEFAULT);

/*멘티*/
INSERT INTO MEMBER 
VALUES (SEQ_MNO.NEXTVAL, 'dlaehdnjs@naver.com', 'ffGLRdHRm2GUrvSDsMbTdvmjzJJfKpGarBSeMtEaFmUjPug1lC/poBs7AS+C2XYNS+FI416hCQhaP+SahuFTog==', '일도원', '880808', 'M', '010-2112-3333','01066','서울 하남구 한천로123가길 5' ,' (번동)' ,'102호' ,SYSDATE,SYSDATE,SYSDATE,DEFAULT,3,200,DEFAULT);
INSERT INTO MEMBER 
VALUES (SEQ_MNO.NEXTVAL, 'dlaehdnjs1@naver.com', 'ffGLRdHRm2GUrvSDsMbTdvmjzJJfKpGarBSeMtEaFmUjPug1lC/poBs7AS+C2XYNS+FI416hCQhaP+SahuFTog==', '임도원', '880808', 'M', '010-2112-3333','01066','서울 상남구 한천로123가길 5' ,' (번동)' ,'102호' ,SYSDATE,SYSDATE,SYSDATE,DEFAULT,3,200,DEFAULT);
INSERT INTO MEMBER 
VALUES (SEQ_MNO.NEXTVAL, 'dlaehdnjs2@naver.com', 'ffGLRdHRm2GUrvSDsMbTdvmjzJJfKpGarBSeMtEaFmUjPug1lC/poBs7AS+C2XYNS+FI416hCQhaP+SahuFTog==', '삼도원', '880808', 'M', '010-2112-3333','01066','서울 중남구 한천로123가길 5' ,' (번동)' ,'102호' ,SYSDATE,SYSDATE,SYSDATE,DEFAULT,3,200,DEFAULT);
INSERT INTO MEMBER 
VALUES (SEQ_MNO.NEXTVAL, 'dlaehdnjs3@naver.com', 'ffGLRdHRm2GUrvSDsMbTdvmjzJJfKpGarBSeMtEaFmUjPug1lC/poBs7AS+C2XYNS+FI416hCQhaP+SahuFTog==', '사도원', '880808', 'M', '010-2112-3333','01066','서울 서남구 한천로123가길 5' ,' (번동)' ,'102호' ,SYSDATE,SYSDATE,SYSDATE,DEFAULT,3,200,DEFAULT);
INSERT INTO MEMBER 
VALUES (SEQ_MNO.NEXTVAL, 'dlaehdnjs4@naver.com', 'ffGLRdHRm2GUrvSDsMbTdvmjzJJfKpGarBSeMtEaFmUjPug1lC/poBs7AS+C2XYNS+FI416hCQhaP+SahuFTog==', '오도원', '880808', 'M', '010-2112-3333','01066','서울 동남구 한천로123가길 5' ,' (번동)' ,'102호' ,SYSDATE,SYSDATE,SYSDATE,DEFAULT,3,200,DEFAULT);
INSERT INTO MEMBER 
VALUES (SEQ_MNO.NEXTVAL, 'dlaehdnjs5@naver.com', 'ffGLRdHRm2GUrvSDsMbTdvmjzJJfKpGarBSeMtEaFmUjPug1lC/poBs7AS+C2XYNS+FI416hCQhaP+SahuFTog==', '오도원', '880808', 'M', '010-2112-3333','01066','서울 동남구 한천로123가길 5' ,' (번동)' ,'102호' ,SYSDATE,SYSDATE,SYSDATE,DEFAULT,3,200,DEFAULT);
INSERT INTO MEMBER 
VALUES (SEQ_MNO.NEXTVAL, 'dlaehdnjs6@naver.com', 'ffGLRdHRm2GUrvSDsMbTdvmjzJJfKpGarBSeMtEaFmUjPug1lC/poBs7AS+C2XYNS+FI416hCQhaP+SahuFTog==', '육도원', '880808', 'M', '010-2112-3333','01066','서울 동남구 한천로123가길 5' ,' (번동)' ,'102호' ,SYSDATE,SYSDATE,SYSDATE,DEFAULT,3,200,DEFAULT);
INSERT INTO MEMBER 
VALUES (SEQ_MNO.NEXTVAL, 'dlaehdnjs7@naver.com', 'ffGLRdHRm2GUrvSDsMbTdvmjzJJfKpGarBSeMtEaFmUjPug1lC/poBs7AS+C2XYNS+FI416hCQhaP+SahuFTog==', '칠도원', '880808', 'M', '010-2112-3333','01066','서울 동남구 한천로123가길 5' ,' (번동)' ,'102호' ,SYSDATE,SYSDATE,SYSDATE,DEFAULT,3,200,DEFAULT);
INSERT INTO MEMBER 
VALUES (SEQ_MNO.NEXTVAL, 'dlaehdnjs8@naver.com', 'ffGLRdHRm2GUrvSDsMbTdvmjzJJfKpGarBSeMtEaFmUjPug1lC/poBs7AS+C2XYNS+FI416hCQhaP+SahuFTog==', '필도원', '880808', 'M', '010-2112-3333','01066','서울 동남구 한천로123가길 5' ,' (번동)' ,'102호' ,SYSDATE,SYSDATE,SYSDATE,DEFAULT,3,200,DEFAULT);
INSERT INTO MEMBER 
VALUES (SEQ_MNO.NEXTVAL, 'dlaehdnjs9@naver.com', 'ffGLRdHRm2GUrvSDsMbTdvmjzJJfKpGarBSeMtEaFmUjPug1lC/poBs7AS+C2XYNS+FI416hCQhaP+SahuFTog==', '구도원', '880808', 'M', '010-2112-3333','01066','서울 동남구 한천로123가길 5' ,' (번동)' ,'102호' ,SYSDATE,SYSDATE,SYSDATE,DEFAULT,3,200,DEFAULT);
INSERT INTO MEMBER 
VALUES (SEQ_MNO.NEXTVAL, 'dlaehdnjs10@naver.com', 'ffGLRdHRm2GUrvSDsMbTdvmjzJJfKpGarBSeMtEaFmUjPug1lC/poBs7AS+C2XYNS+FI416hCQhaP+SahuFTog==', '십도원', '880808', 'M', '010-2112-3333','01066','서울 동남구 한천로123가길 5' ,' (번동)' ,'102호' ,SYSDATE,SYSDATE,SYSDATE,DEFAULT,3,200,DEFAULT);
INSERT INTO MEMBER 
VALUES (SEQ_MNO.NEXTVAL, 'dlaehdnjs11@naver.com', 'ffGLRdHRm2GUrvSDsMbTdvmjzJJfKpGarBSeMtEaFmUjPug1lC/poBs7AS+C2XYNS+FI416hCQhaP+SahuFTog==', '십일도원', '880808', 'M', '010-2112-3333','01066','서울 동남구 한천로123가길 5' ,' (번동)' ,'102호' ,SYSDATE,SYSDATE,SYSDATE,DEFAULT,3,200,DEFAULT);
INSERT INTO MEMBER 
VALUES (SEQ_MNO.NEXTVAL, 'dlaehdnjs12@naver.com', 'ffGLRdHRm2GUrvSDsMbTdvmjzJJfKpGarBSeMtEaFmUjPug1lC/poBs7AS+C2XYNS+FI416hCQhaP+SahuFTog==', '십이도원', '880808', 'M', '010-2112-3333','01066','서울 동남구 한천로123가길 5' ,' (번동)' ,'102호' ,SYSDATE,SYSDATE,SYSDATE,DEFAULT,3,200,DEFAULT);
INSERT INTO MEMBER 
VALUES (SEQ_MNO.NEXTVAL, 'dlaehdnjs13@naver.com', 'ffGLRdHRm2GUrvSDsMbTdvmjzJJfKpGarBSeMtEaFmUjPug1lC/poBs7AS+C2XYNS+FI416hCQhaP+SahuFTog==', '십삼도원', '880808', 'M', '010-2112-3333','01066','서울 동남구 한천로123가길 5' ,' (번동)' ,'102호' ,SYSDATE,SYSDATE,SYSDATE,DEFAULT,3,200,DEFAULT);
INSERT INTO MEMBER 
VALUES (SEQ_MNO.NEXTVAL, 'dlaehdnjs14@naver.com', 'ffGLRdHRm2GUrvSDsMbTdvmjzJJfKpGarBSeMtEaFmUjPug1lC/poBs7AS+C2XYNS+FI416hCQhaP+SahuFTog==', '십사도원', '880808', 'M', '010-2112-3333','01066','서울 동남구 한천로123가길 5' ,' (번동)' ,'102호' ,SYSDATE,SYSDATE,SYSDATE,DEFAULT,3,200,DEFAULT);

INSERT INTO MEMBER 
VALUES (SEQ_MNO.NEXTVAL, '1@naver.com', 'ffGLRdHRm2GUrvSDsMbTdvmjzJJfKpGarBSeMtEaFmUjPug1lC/poBs7AS+C2XYNS+FI416hCQhaP+SahuFTog==', '일정연', '990808', 'F', '010-2222-3333','01066','인천 강북구 한천로123가길 5' ,' (번동)' ,'102호' ,SYSDATE,SYSDATE,SYSDATE,DEFAULT,2,200,DEFAULT);
INSERT INTO MEMBER 
VALUES (SEQ_MNO.NEXTVAL, '2@naver.com', 'ffGLRdHRm2GUrvSDsMbTdvmjzJJfKpGarBSeMtEaFmUjPug1lC/poBs7AS+C2XYNS+FI416hCQhaP+SahuFTog==', '이정연', '900008', 'F', '010-2222-3333','01066','서울 강북구 한천로123가길 5' ,' (번동)' ,'102호' ,SYSDATE,SYSDATE,SYSDATE,DEFAULT,2,200,DEFAULT);
INSERT INTO MEMBER 
VALUES (SEQ_MNO.NEXTVAL, '3@naver.com', 'ffGLRdHRm2GUrvSDsMbTdvmjzJJfKpGarBSeMtEaFmUjPug1lC/poBs7AS+C2XYNS+FI416hCQhaP+SahuFTog==', '삼정연', '990908', 'M', '010-2222-3333','01066','인천 강북구 한천로123가길 5' ,' (번동)' ,'102호' ,SYSDATE,SYSDATE,SYSDATE,DEFAULT,2,200,DEFAULT);
INSERT INTO MEMBER 
VALUES (SEQ_MNO.NEXTVAL, '4@naver.com', 'ffGLRdHRm2GUrvSDsMbTdvmjzJJfKpGarBSeMtEaFmUjPug1lC/poBs7AS+C2XYNS+FI416hCQhaP+SahuFTog==', '사정연', '990823', 'M', '010-2222-3333','01066','경기도 강북구 한천로123가길 5' ,' (번동)' ,'102호' ,SYSDATE,SYSDATE,SYSDATE,DEFAULT,2,200,DEFAULT);
INSERT INTO MEMBER 
VALUES (SEQ_MNO.NEXTVAL, '5@naver.com', 'ffGLRdHRm2GUrvSDsMbTdvmjzJJfKpGarBSeMtEaFmUjPug1lC/poBs7AS+C2XYNS+FI416hCQhaP+SahuFTog==', '오정연', '890808', 'F', '010-2222-3333','01066','충청북도 강북구 한천로123가길 5' ,' (번동)' ,'102호' ,SYSDATE,SYSDATE,SYSDATE,DEFAULT,2,200,DEFAULT);
INSERT INTO MEMBER 
VALUES (SEQ_MNO.NEXTVAL, '6@naver.com', 'ffGLRdHRm2GUrvSDsMbTdvmjzJJfKpGarBSeMtEaFmUjPug1lC/poBs7AS+C2XYNS+FI416hCQhaP+SahuFTog==', '육정연', '890808', 'F', '010-2222-3333','01066','충청북도 강북구 한천로123가길 5' ,' (번동)' ,'102호' ,SYSDATE,SYSDATE,SYSDATE,DEFAULT,2,200,DEFAULT);
INSERT INTO MEMBER 
VALUES (SEQ_MNO.NEXTVAL, '7@naver.com', 'ffGLRdHRm2GUrvSDsMbTdvmjzJJfKpGarBSeMtEaFmUjPug1lC/poBs7AS+C2XYNS+FI416hCQhaP+SahuFTog==', '칠정연', '890808', 'F', '010-2222-3333','01066','충청북도 강북구 한천로123가길 5' ,' (번동)' ,'102호' ,SYSDATE,SYSDATE,SYSDATE,DEFAULT,2,200,DEFAULT);
INSERT INTO MEMBER 
VALUES (SEQ_MNO.NEXTVAL, '8@naver.com', 'ffGLRdHRm2GUrvSDsMbTdvmjzJJfKpGarBSeMtEaFmUjPug1lC/poBs7AS+C2XYNS+FI416hCQhaP+SahuFTog==', '팔정연', '890808', 'F', '010-2222-3333','01066','충청북도 강북구 한천로123가길 5' ,' (번동)' ,'102호' ,SYSDATE,SYSDATE,SYSDATE,DEFAULT,2,200,DEFAULT);
INSERT INTO MEMBER 
VALUES (SEQ_MNO.NEXTVAL, '9@naver.com', 'ffGLRdHRm2GUrvSDsMbTdvmjzJJfKpGarBSeMtEaFmUjPug1lC/poBs7AS+C2XYNS+FI416hCQhaP+SahuFTog==', '구정연', '890808', 'F', '010-2222-3333','01066','충청북도 강북구 한천로123가길 5' ,' (번동)' ,'102호' ,SYSDATE,SYSDATE,SYSDATE,DEFAULT,2,200,DEFAULT);
INSERT INTO MEMBER 
VALUES (SEQ_MNO.NEXTVAL, '0@naver.com', 'ffGLRdHRm2GUrvSDsMbTdvmjzJJfKpGarBSeMtEaFmUjPug1lC/poBs7AS+C2XYNS+FI416hCQhaP+SahuFTog==', '십정연', '890808', 'F', '010-2222-3333','01066','충청북도 강북구 한천로123가길 5' ,' (번동)' ,'102호' ,SYSDATE,SYSDATE,SYSDATE,DEFAULT,2,200,DEFAULT);
INSERT INTO MEMBER 
VALUES (SEQ_MNO.NEXTVAL, '11@naver.com', 'ffGLRdHRm2GUrvSDsMbTdvmjzJJfKpGarBSeMtEaFmUjPug1lC/poBs7AS+C2XYNS+FI416hCQhaP+SahuFTog==', '십일정연', '890808', 'F', '010-2222-3333','01066','충청북도 강북구 한천로123가길 5' ,' (번동)' ,'102호' ,SYSDATE,SYSDATE,SYSDATE,DEFAULT,2,200,DEFAULT);
INSERT INTO MEMBER 
VALUES (SEQ_MNO.NEXTVAL, '12@naver.com', 'ffGLRdHRm2GUrvSDsMbTdvmjzJJfKpGarBSeMtEaFmUjPug1lC/poBs7AS+C2XYNS+FI416hCQhaP+SahuFTog==', '십이정연', '890808', 'F', '010-2222-3333','01066','충청북도 강북구 한천로123가길 5' ,' (번동)' ,'102호' ,SYSDATE,SYSDATE,SYSDATE,DEFAULT,2,200,DEFAULT);
INSERT INTO MEMBER 
VALUES (SEQ_MNO.NEXTVAL, '13@naver.com', 'ffGLRdHRm2GUrvSDsMbTdvmjzJJfKpGarBSeMtEaFmUjPug1lC/poBs7AS+C2XYNS+FI416hCQhaP+SahuFTog==', '십삼정연', '890808', 'F', '010-2222-3333','01066','충청북도 강북구 한천로123가길 5' ,' (번동)' ,'102호' ,SYSDATE,SYSDATE,SYSDATE,DEFAULT,2,200,DEFAULT);
INSERT INTO MEMBER 
VALUES (SEQ_MNO.NEXTVAL, '14@naver.com', 'ffGLRdHRm2GUrvSDsMbTdvmjzJJfKpGarBSeMtEaFmUjPug1lC/poBs7AS+C2XYNS+FI416hCQhaP+SahuFTog==', '십사정연', '890808', 'F', '010-2222-3333','01066','충청북도 강북구 한천로123가길 5' ,' (번동)' ,'102호' ,SYSDATE,SYSDATE,SYSDATE,DEFAULT,2,200,DEFAULT);
INSERT INTO MEMBER 
VALUES (SEQ_MNO.NEXTVAL, '15@naver.com', 'ffGLRdHRm2GUrvSDsMbTdvmjzJJfKpGarBSeMtEaFmUjPug1lC/poBs7AS+C2XYNS+FI416hCQhaP+SahuFTog==', '십오정연', '890808', 'F', '010-2222-3333','01066','충청북도 강북구 한천로123가길 5' ,' (번동)' ,'102호' ,SYSDATE,SYSDATE,SYSDATE,DEFAULT,2,200,DEFAULT);
INSERT INTO MEMBER 
VALUES (SEQ_MNO.NEXTVAL, '16@naver.com', 'ffGLRdHRm2GUrvSDsMbTdvmjzJJfKpGarBSeMtEaFmUjPug1lC/poBs7AS+C2XYNS+FI416hCQhaP+SahuFTog==', '일정연', '990808', 'F', '010-2222-3333','01066','인천 강북구 한천로123가길 5' ,' (번동)' ,'102호' ,SYSDATE,SYSDATE,SYSDATE,DEFAULT,2,200,DEFAULT);
INSERT INTO MEMBER 
VALUES (SEQ_MNO.NEXTVAL, '17@naver.com', 'ffGLRdHRm2GUrvSDsMbTdvmjzJJfKpGarBSeMtEaFmUjPug1lC/poBs7AS+C2XYNS+FI416hCQhaP+SahuFTog==', '이정연', '900008', 'F', '010-2222-3333','01066','서울 강북구 한천로123가길 5' ,' (번동)' ,'102호' ,SYSDATE,SYSDATE,SYSDATE,DEFAULT,2,200,DEFAULT);
INSERT INTO MEMBER 
VALUES (SEQ_MNO.NEXTVAL, '18@naver.com', 'ffGLRdHRm2GUrvSDsMbTdvmjzJJfKpGarBSeMtEaFmUjPug1lC/poBs7AS+C2XYNS+FI416hCQhaP+SahuFTog==', '삼정연', '990908', 'M', '010-2222-3333','01066','인천 강북구 한천로123가길 5' ,' (번동)' ,'102호' ,SYSDATE,SYSDATE,SYSDATE,DEFAULT,2,200,DEFAULT);
INSERT INTO MEMBER 
VALUES (SEQ_MNO.NEXTVAL, '19@naver.com', 'ffGLRdHRm2GUrvSDsMbTdvmjzJJfKpGarBSeMtEaFmUjPug1lC/poBs7AS+C2XYNS+FI416hCQhaP+SahuFTog==', '사정연', '990823', 'M', '010-2222-3333','01066','경기도 강북구 한천로123가길 5' ,' (번동)' ,'102호' ,SYSDATE,SYSDATE,SYSDATE,DEFAULT,2,200,DEFAULT);
INSERT INTO MEMBER 
VALUES (SEQ_MNO.NEXTVAL, '20@naver.com', 'ffGLRdHRm2GUrvSDsMbTdvmjzJJfKpGarBSeMtEaFmUjPug1lC/poBs7AS+C2XYNS+FI416hCQhaP+SahuFTog==', '오정연', '890808', 'F', '010-2222-3333','01066','충청북도 강북구 한천로123가길 5' ,' (번동)' ,'102호' ,SYSDATE,SYSDATE,SYSDATE,DEFAULT,2,200,DEFAULT);
INSERT INTO MEMBER 
VALUES (SEQ_MNO.NEXTVAL, '21@naver.com', 'ffGLRdHRm2GUrvSDsMbTdvmjzJJfKpGarBSeMtEaFmUjPug1lC/poBs7AS+C2XYNS+FI416hCQhaP+SahuFTog==', '육정연', '890808', 'F', '010-2222-3333','01066','충청북도 강북구 한천로123가길 5' ,' (번동)' ,'102호' ,SYSDATE,SYSDATE,SYSDATE,DEFAULT,2,200,DEFAULT);
INSERT INTO MEMBER 
VALUES (SEQ_MNO.NEXTVAL, '22@naver.com', 'ffGLRdHRm2GUrvSDsMbTdvmjzJJfKpGarBSeMtEaFmUjPug1lC/poBs7AS+C2XYNS+FI416hCQhaP+SahuFTog==', '칠정연', '890808', 'F', '010-2222-3333','01066','충청북도 강북구 한천로123가길 5' ,' (번동)' ,'102호' ,SYSDATE,SYSDATE,SYSDATE,DEFAULT,2,200,DEFAULT);
INSERT INTO MEMBER 
VALUES (SEQ_MNO.NEXTVAL, '23@naver.com', 'ffGLRdHRm2GUrvSDsMbTdvmjzJJfKpGarBSeMtEaFmUjPug1lC/poBs7AS+C2XYNS+FI416hCQhaP+SahuFTog==', '팔정연', '890808', 'F', '010-2222-3333','01066','충청북도 강북구 한천로123가길 5' ,' (번동)' ,'102호' ,SYSDATE,SYSDATE,SYSDATE,DEFAULT,2,200,DEFAULT);
INSERT INTO MEMBER 
VALUES (SEQ_MNO.NEXTVAL, '24@naver.com', 'ffGLRdHRm2GUrvSDsMbTdvmjzJJfKpGarBSeMtEaFmUjPug1lC/poBs7AS+C2XYNS+FI416hCQhaP+SahuFTog==', '구정연', '890808', 'F', '010-2222-3333','01066','충청북도 강북구 한천로123가길 5' ,' (번동)' ,'102호' ,SYSDATE,SYSDATE,SYSDATE,DEFAULT,2,200,DEFAULT);
INSERT INTO MEMBER 
VALUES (SEQ_MNO.NEXTVAL, '25@naver.com', 'ffGLRdHRm2GUrvSDsMbTdvmjzJJfKpGarBSeMtEaFmUjPug1lC/poBs7AS+C2XYNS+FI416hCQhaP+SahuFTog==', '십정연', '890808', 'F', '010-2222-3333','01066','충청북도 강북구 한천로123가길 5' ,' (번동)' ,'102호' ,SYSDATE,SYSDATE,SYSDATE,DEFAULT,2,200,DEFAULT);
INSERT INTO MEMBER 
VALUES (SEQ_MNO.NEXTVAL, '26@naver.com', 'ffGLRdHRm2GUrvSDsMbTdvmjzJJfKpGarBSeMtEaFmUjPug1lC/poBs7AS+C2XYNS+FI416hCQhaP+SahuFTog==', '십일정연', '890808', 'F', '010-2222-3333','01066','충청북도 강북구 한천로123가길 5' ,' (번동)' ,'102호' ,SYSDATE,SYSDATE,SYSDATE,DEFAULT,2,200,DEFAULT);
INSERT INTO MEMBER 
VALUES (SEQ_MNO.NEXTVAL, '27@naver.com', 'ffGLRdHRm2GUrvSDsMbTdvmjzJJfKpGarBSeMtEaFmUjPug1lC/poBs7AS+C2XYNS+FI416hCQhaP+SahuFTog==', '십이정연', '890808', 'F', '010-2222-3333','01066','충청북도 강북구 한천로123가길 5' ,' (번동)' ,'102호' ,SYSDATE,SYSDATE,SYSDATE,DEFAULT,2,200,DEFAULT);
INSERT INTO MEMBER 
VALUES (SEQ_MNO.NEXTVAL, '28@naver.com', 'ffGLRdHRm2GUrvSDsMbTdvmjzJJfKpGarBSeMtEaFmUjPug1lC/poBs7AS+C2XYNS+FI416hCQhaP+SahuFTog==', '십삼정연', '890808', 'F', '010-2222-3333','01066','충청북도 강북구 한천로123가길 5' ,' (번동)' ,'102호' ,SYSDATE,SYSDATE,SYSDATE,DEFAULT,2,200,DEFAULT);
INSERT INTO MEMBER 
VALUES (SEQ_MNO.NEXTVAL, '29@naver.com', 'ffGLRdHRm2GUrvSDsMbTdvmjzJJfKpGarBSeMtEaFmUjPug1lC/poBs7AS+C2XYNS+FI416hCQhaP+SahuFTog==', '십사정연', '890808', 'F', '010-2222-3333','01066','충청북도 강북구 한천로123가길 5' ,' (번동)' ,'102호' ,SYSDATE,SYSDATE,SYSDATE,DEFAULT,2,200,DEFAULT);
INSERT INTO MEMBER 
VALUES (SEQ_MNO.NEXTVAL, '30@naver.com', 'ffGLRdHRm2GUrvSDsMbTdvmjzJJfKpGarBSeMtEaFmUjPug1lC/poBs7AS+C2XYNS+FI416hCQhaP+SahuFTog==', '십오정연', '890808', 'F', '010-2222-3333','01066','충청북도 강북구 한천로123가길 5' ,' (번동)' ,'102호' ,SYSDATE,SYSDATE,SYSDATE,DEFAULT,2,200,DEFAULT);

/*커뮤니티*/
INSERT INTO BOARD
VALUES (SEQ_BNO.NEXTVAL, '야구같이할분 있나요?','저 선출이고 야구 솔직히 개잘합니다. 저 모셔갈 팀 구해요',0,SYSDATE, NULL,'Y',10,50);
INSERT INTO BOARD
VALUES (SEQ_BNO.NEXTVAL, '축구같이할분 구합니다.','저 국대 출신인데 공 좀 찹니다. 골키퍼부터 차근차근 올라갈께요. 댓글 부탁드립니다.',0,SYSDATE, NULL,'Y',11,50);
INSERT INTO BOARD
VALUES (SEQ_BNO.NEXTVAL, '이 제품이 궁금해요.','이건머죠?',0,SYSDATE, NULL,'Y',2,40);
INSERT INTO BOARD
VALUES (SEQ_BNO.NEXTVAL, '이 사람은 누구죠?.','오정연날리기요',0,SYSDATE, NULL,'Y',3,40);
INSERT INTO BOARD
VALUES (SEQ_BNO.NEXTVAL, '채팅은 언제되죠?','멘토요청 후 수락버튼을 눌러주세요',0,SYSDATE, NULL,'Y',1,20);
INSERT INTO BOARD
VALUES (SEQ_BNO.NEXTVAL, '평점은 어떻게 주죠?','평점주세요',0,SYSDATE, NULL,'Y',1,20);
INSERT INTO BOARD
VALUES (SEQ_BNO.NEXTVAL, '공지사항입니다..','테스트 공지',0,SYSDATE, NULL,'Y',1,10);
INSERT INTO BOARD
VALUES (SEQ_BNO.NEXTVAL, '서버점검해요','6-9점검합니다.',0,SYSDATE, NULL,'Y',1,10);
/*댓글*/
INSERT INTO REPLY
VALUES (SEQ_REPNO.NEXTVAL, '정연맨토짱',  SYSDATE, NULL,'Y',2,1);
INSERT INTO REPLY
VALUES (SEQ_REPNO.NEXTVAL, '임도원 개별로임',  SYSDATE, NULL,'Y',3,2);

/*CHATROOM*/
INSERT INTO CHATROOM
VALUES (SEQ_ROOMNO.NEXTVAL, SYSDATE,'Y',11,3);
INSERT INTO CHATROOM
VALUES (SEQ_ROOMNO.NEXTVAL, SYSDATE,'Y',10,6);

/*MESSAGE*/
INSERT INTO MESSAGE
VALUES (SEQ_MESSAGENO.NEXTVAL, '안녕하슈',SYSDATE,'Y',1);
INSERT INTO MESSAGE
VALUES (SEQ_MESSAGENO.NEXTVAL, '하이요',SYSDATE,'Y',1);
INSERT INTO MESSAGE
VALUES (SEQ_MESSAGENO.NEXTVAL, '원하는게 머유',SYSDATE,'Y',1);
INSERT INTO MESSAGE
VALUES (SEQ_MESSAGENO.NEXTVAL, '하이',SYSDATE,'Y',2);
INSERT INTO MESSAGE
VALUES (SEQ_MESSAGENO.NEXTVAL, '방가',SYSDATE,'Y',2);
INSERT INTO MESSAGE
VALUES (SEQ_MESSAGENO.NEXTVAL, '바이',SYSDATE,'Y',2);

/*REPORT*/
INSERT INTO REPORT
VALUES (SEQ_REPORTNO.NEXTVAL, '욕설이너무많아',SYSDATE,11,50,NULL,111,'Y');
INSERT INTO REPORT
VALUES (SEQ_REPORTNO.NEXTVAL, '욕설이너무많아',SYSDATE,11,50,NULL,112,'Y');
INSERT INTO REPORT
VALUES (SEQ_REPORTNO.NEXTVAL, '욕설이너무많아',SYSDATE,11,50,NULL,115,'Y');
INSERT INTO REPORT
VALUES (SEQ_REPORTNO.NEXTVAL, '욕설이너무많아',SYSDATE,11,50,NULL,116,'Y');
INSERT INTO REPORT
VALUES (SEQ_REPORTNO.NEXTVAL, '욕설이너무많아',SYSDATE,11,50,NULL,119,'Y');
INSERT INTO REPORT
VALUES (SEQ_REPORTNO.NEXTVAL, '욕설이너무많아',SYSDATE,11,40,NULL,4,'Y');
INSERT INTO REPORT
VALUES (SEQ_REPORTNO.NEXTVAL, 'kkk',SYSDATE,11,40,NULL,13,'Y');
INSERT INTO REPORT
VALUES (SEQ_REPORTNO.NEXTVAL, 'dsaf',SYSDATE,11,40,NULL,14,'Y');
INSERT INTO REPORT
VALUES (SEQ_REPORTNO.NEXTVAL, '욕설이asdf너무많아',SYSDATE,11,40,NULL,113,'Y');
INSERT INTO REPORT
VALUES (SEQ_REPORTNO.NEXTVAL, 'asdf',SYSDATE,11,40,NULL,114,'Y');
INSERT INTO REPORT
VALUES (SEQ_REPORTNO.NEXTVAL, '욕설이너무많아',SYSDATE,11,NULL,5,NULL,'Y');
INSERT INTO REPORT
VALUES (SEQ_REPORTNO.NEXTVAL, '욕설이너무DD많아',SYSDATE,11,NULL,7,NULL,'Y');
INSERT INTO REPORT
VALUES (SEQ_REPORTNO.NEXTVAL, '욕설이너무DADSFD많아',SYSDATE,11,NULL,9,NULL,'Y');
INSERT INTO REPORT
VALUES (SEQ_REPORTNO.NEXTVAL, '욕DASD이너무DADSFD많아',SYSDATE,11,NULL,32,NULL,'Y');
INSERT INTO REPORT
VALUES (SEQ_REPORTNO.NEXTVAL, '욕DASD이너무DADSFD많아',SYSDATE,11,NULL,35,NULL,'Y');
INSERT INTO REPORT
VALUES (SEQ_REPORTNO.NEXTVAL, '욕DASD이너무DADSFD많아',SYSDATE,11,NULL,37,NULL,'Y');
INSERT INTO REPORT
VALUES (SEQ_REPORTNO.NEXTVAL, '욕DASD이너무DADSFD많아',SYSDATE,11,NULL,38,NULL,'Y');
INSERT INTO REPORT
VALUES (SEQ_REPORTNO.NEXTVAL, '욕DASD이너무DADSFD많아',SYSDATE,11,NULL,33,NULL,'Y');
INSERT INTO REPORT
VALUES (SEQ_REPORTNO.NEXTVAL, '욕DASD이너무DADSFD많아',SYSDATE,11,NULL,40,NULL,'Y');
INSERT INTO REPORT
VALUES (SEQ_REPORTNO.NEXTVAL, '욕DASD이너무DADSFD많아',SYSDATE,11,NULL,41,NULL,'Y');
INSERT INTO REPORT
VALUES (SEQ_REPORTNO.NEXTVAL, '욕DASD이너무DADSFD많아',SYSDATE,11,NULL,42,NULL,'Y');
INSERT INTO REPORT
VALUES (SEQ_REPORTNO.NEXTVAL, '욕DASD이너무DADSFD많아',SYSDATE,11,NULL,44,NULL,'Y');
INSERT INTO REPORT
VALUES (SEQ_REPORTNO.NEXTVAL, '욕DASD이너무DADSFD많아',SYSDATE,11,NULL,45,NULL,'Y');
INSERT INTO REPORT
VALUES (SEQ_REPORTNO.NEXTVAL, '욕DASD이너무DADSFD많아',SYSDATE,11,NULL,46,NULL,'Y');
INSERT INTO REPORT
VALUES (SEQ_REPORTNO.NEXTVAL, '욕설이너무많아',SYSDATE,11,40,NULL,121,'Y');

/*SIDO*/
INSERT INTO SIDO (SIDO_NO, SIDO_NAME) VALUES (1, '서울특별시');
INSERT INTO SIDO (SIDO_NO, SIDO_NAME) VALUES (2, '부산광역시');
INSERT INTO SIDO (SIDO_NO, SIDO_NAME) VALUES (3, '대구광역시');
INSERT INTO SIDO (SIDO_NO, SIDO_NAME) VALUES (4, '인천광역시');
INSERT INTO SIDO (SIDO_NO, SIDO_NAME) VALUES (5, '광주광역시');
INSERT INTO SIDO (SIDO_NO, SIDO_NAME) VALUES (6, '대전광역시');
INSERT INTO SIDO (SIDO_NO, SIDO_NAME) VALUES (7, '울산광역시');
INSERT INTO SIDO (SIDO_NO, SIDO_NAME) VALUES (8, '세종특별자치시');
INSERT INTO SIDO (SIDO_NO, SIDO_NAME) VALUES (9, '경기도');
INSERT INTO SIDO (SIDO_NO, SIDO_NAME) VALUES (10, '충청북도');
INSERT INTO SIDO (SIDO_NO, SIDO_NAME) VALUES (11, '충청남도');
INSERT INTO SIDO (SIDO_NO, SIDO_NAME) VALUES (12, '전라북도');
INSERT INTO SIDO (SIDO_NO, SIDO_NAME) VALUES (13, '전라남도');
INSERT INTO SIDO (SIDO_NO, SIDO_NAME) VALUES (14, '경상북도');
INSERT INTO SIDO (SIDO_NO, SIDO_NAME) VALUES (15, '경상남도');
INSERT INTO SIDO (SIDO_NO, SIDO_NAME) VALUES (16, '제주특별자치도');
INSERT INTO SIDO (SIDO_NO, SIDO_NAME) VALUES (17, '강원특별자치도');

/*SIGUNGU*/
INSERT INTO SIGUNGU (SIGUNGU_NO, SIGUNGU_NAME, SIDO_NO) VALUES (1,'종로구',1);
INSERT INTO SIGUNGU (SIGUNGU_NO, SIGUNGU_NAME, SIDO_NO) VALUES (2,'중구',1);
INSERT INTO SIGUNGU (SIGUNGU_NO, SIGUNGU_NAME, SIDO_NO) VALUES (3,'용산구',1);
INSERT INTO SIGUNGU (SIGUNGU_NO, SIGUNGU_NAME, SIDO_NO) VALUES (4,'성동구',1);
INSERT INTO SIGUNGU (SIGUNGU_NO, SIGUNGU_NAME, SIDO_NO) VALUES (5,'광진구',1);
INSERT INTO SIGUNGU (SIGUNGU_NO, SIGUNGU_NAME, SIDO_NO) VALUES (6,'동대문구',1);
INSERT INTO SIGUNGU (SIGUNGU_NO, SIGUNGU_NAME, SIDO_NO) VALUES (7,'중랑구',1);
INSERT INTO SIGUNGU (SIGUNGU_NO, SIGUNGU_NAME, SIDO_NO) VALUES (8,'성북구',1);
INSERT INTO SIGUNGU (SIGUNGU_NO, SIGUNGU_NAME, SIDO_NO) VALUES (9,'강북구',1);
INSERT INTO SIGUNGU (SIGUNGU_NO, SIGUNGU_NAME, SIDO_NO) VALUES (10,'도봉구',1);
INSERT INTO SIGUNGU (SIGUNGU_NO, SIGUNGU_NAME, SIDO_NO) VALUES (11,'노원구',1);
INSERT INTO SIGUNGU (SIGUNGU_NO, SIGUNGU_NAME, SIDO_NO) VALUES (12,'은평구',1);
INSERT INTO SIGUNGU (SIGUNGU_NO, SIGUNGU_NAME, SIDO_NO) VALUES (13,'서대문구',1);
INSERT INTO SIGUNGU (SIGUNGU_NO, SIGUNGU_NAME, SIDO_NO) VALUES (14,'마포구',1);
INSERT INTO SIGUNGU (SIGUNGU_NO, SIGUNGU_NAME, SIDO_NO) VALUES (15,'양천구',1);
INSERT INTO SIGUNGU (SIGUNGU_NO, SIGUNGU_NAME, SIDO_NO) VALUES (16,'강서구',1);
INSERT INTO SIGUNGU (SIGUNGU_NO, SIGUNGU_NAME, SIDO_NO) VALUES (17,'구로구',1);
INSERT INTO SIGUNGU (SIGUNGU_NO, SIGUNGU_NAME, SIDO_NO) VALUES (18,'금천구',1);
INSERT INTO SIGUNGU (SIGUNGU_NO, SIGUNGU_NAME, SIDO_NO) VALUES (19,'영등포구',1);
INSERT INTO SIGUNGU (SIGUNGU_NO, SIGUNGU_NAME, SIDO_NO) VALUES (20,'동작구',1);
INSERT INTO SIGUNGU (SIGUNGU_NO, SIGUNGU_NAME, SIDO_NO) VALUES (21,'관악구',1);
INSERT INTO SIGUNGU (SIGUNGU_NO, SIGUNGU_NAME, SIDO_NO) VALUES (22,'서초구',1);
INSERT INTO SIGUNGU (SIGUNGU_NO, SIGUNGU_NAME, SIDO_NO) VALUES (23,'강남구',1);
INSERT INTO SIGUNGU (SIGUNGU_NO, SIGUNGU_NAME, SIDO_NO) VALUES (24,'송파구',1);
INSERT INTO SIGUNGU (SIGUNGU_NO, SIGUNGU_NAME, SIDO_NO) VALUES (25,'강동구',1);
INSERT INTO SIGUNGU (SIGUNGU_NO, SIGUNGU_NAME, SIDO_NO) VALUES (26,'중구',2);
INSERT INTO SIGUNGU (SIGUNGU_NO, SIGUNGU_NAME, SIDO_NO) VALUES (27,'서구',2);
INSERT INTO SIGUNGU (SIGUNGU_NO, SIGUNGU_NAME, SIDO_NO) VALUES (28,'동구',2);
INSERT INTO SIGUNGU (SIGUNGU_NO, SIGUNGU_NAME, SIDO_NO) VALUES (29,'영도구',2);
INSERT INTO SIGUNGU (SIGUNGU_NO, SIGUNGU_NAME, SIDO_NO) VALUES (30,'부산진구',2);
INSERT INTO SIGUNGU (SIGUNGU_NO, SIGUNGU_NAME, SIDO_NO) VALUES (31,'동래구',2);
INSERT INTO SIGUNGU (SIGUNGU_NO, SIGUNGU_NAME, SIDO_NO) VALUES (32,'남구',2);
INSERT INTO SIGUNGU (SIGUNGU_NO, SIGUNGU_NAME, SIDO_NO) VALUES (33,'북구',2);
INSERT INTO SIGUNGU (SIGUNGU_NO, SIGUNGU_NAME, SIDO_NO) VALUES (34,'해운대구',2);
INSERT INTO SIGUNGU (SIGUNGU_NO, SIGUNGU_NAME, SIDO_NO) VALUES (35,'사하구',2);
INSERT INTO SIGUNGU (SIGUNGU_NO, SIGUNGU_NAME, SIDO_NO) VALUES (36,'금정구',2);
INSERT INTO SIGUNGU (SIGUNGU_NO, SIGUNGU_NAME, SIDO_NO) VALUES (37,'강서구',2);
INSERT INTO SIGUNGU (SIGUNGU_NO, SIGUNGU_NAME, SIDO_NO) VALUES (38,'연제구',2);
INSERT INTO SIGUNGU (SIGUNGU_NO, SIGUNGU_NAME, SIDO_NO) VALUES (39,'수영구',2);
INSERT INTO SIGUNGU (SIGUNGU_NO, SIGUNGU_NAME, SIDO_NO) VALUES (40,'사상구',2);
INSERT INTO SIGUNGU (SIGUNGU_NO, SIGUNGU_NAME, SIDO_NO) VALUES (41,'기장군',2);
INSERT INTO SIGUNGU (SIGUNGU_NO, SIGUNGU_NAME, SIDO_NO) VALUES (42,'중구',3);
INSERT INTO SIGUNGU (SIGUNGU_NO, SIGUNGU_NAME, SIDO_NO) VALUES (43,'동구',3);
INSERT INTO SIGUNGU (SIGUNGU_NO, SIGUNGU_NAME, SIDO_NO) VALUES (44,'서구',3);
INSERT INTO SIGUNGU (SIGUNGU_NO, SIGUNGU_NAME, SIDO_NO) VALUES (45,'남구',3);
INSERT INTO SIGUNGU (SIGUNGU_NO, SIGUNGU_NAME, SIDO_NO) VALUES (46,'북구',3);
INSERT INTO SIGUNGU (SIGUNGU_NO, SIGUNGU_NAME, SIDO_NO) VALUES (47,'수성구',3);
INSERT INTO SIGUNGU (SIGUNGU_NO, SIGUNGU_NAME, SIDO_NO) VALUES (48,'달서구',3);
INSERT INTO SIGUNGU (SIGUNGU_NO, SIGUNGU_NAME, SIDO_NO) VALUES (49,'달성군',3);
INSERT INTO SIGUNGU (SIGUNGU_NO, SIGUNGU_NAME, SIDO_NO) VALUES (50,'군위군',3);
INSERT INTO SIGUNGU (SIGUNGU_NO, SIGUNGU_NAME, SIDO_NO) VALUES (51,'중구',4);
INSERT INTO SIGUNGU (SIGUNGU_NO, SIGUNGU_NAME, SIDO_NO) VALUES (52,'동구',4);
INSERT INTO SIGUNGU (SIGUNGU_NO, SIGUNGU_NAME, SIDO_NO) VALUES (53,'미추홀구',4);
INSERT INTO SIGUNGU (SIGUNGU_NO, SIGUNGU_NAME, SIDO_NO) VALUES (54,'연수구',4);
INSERT INTO SIGUNGU (SIGUNGU_NO, SIGUNGU_NAME, SIDO_NO) VALUES (55,'남동구',4);
INSERT INTO SIGUNGU (SIGUNGU_NO, SIGUNGU_NAME, SIDO_NO) VALUES (56,'부평구',4);
INSERT INTO SIGUNGU (SIGUNGU_NO, SIGUNGU_NAME, SIDO_NO) VALUES (57,'계양구',4);
INSERT INTO SIGUNGU (SIGUNGU_NO, SIGUNGU_NAME, SIDO_NO) VALUES (58,'서구',4);
INSERT INTO SIGUNGU (SIGUNGU_NO, SIGUNGU_NAME, SIDO_NO) VALUES (59,'강화군',4);
INSERT INTO SIGUNGU (SIGUNGU_NO, SIGUNGU_NAME, SIDO_NO) VALUES (60,'옹진군',4);
INSERT INTO SIGUNGU (SIGUNGU_NO, SIGUNGU_NAME, SIDO_NO) VALUES (61,'동구',5);
INSERT INTO SIGUNGU (SIGUNGU_NO, SIGUNGU_NAME, SIDO_NO) VALUES (62,'서구',5);
INSERT INTO SIGUNGU (SIGUNGU_NO, SIGUNGU_NAME, SIDO_NO) VALUES (63,'남구',5);
INSERT INTO SIGUNGU (SIGUNGU_NO, SIGUNGU_NAME, SIDO_NO) VALUES (64,'북구',5);
INSERT INTO SIGUNGU (SIGUNGU_NO, SIGUNGU_NAME, SIDO_NO) VALUES (65,'광산구',5);
INSERT INTO SIGUNGU (SIGUNGU_NO, SIGUNGU_NAME, SIDO_NO) VALUES (66,'동구',6);
INSERT INTO SIGUNGU (SIGUNGU_NO, SIGUNGU_NAME, SIDO_NO) VALUES (67,'중구',6);
INSERT INTO SIGUNGU (SIGUNGU_NO, SIGUNGU_NAME, SIDO_NO) VALUES (68,'서구',6);
INSERT INTO SIGUNGU (SIGUNGU_NO, SIGUNGU_NAME, SIDO_NO) VALUES (69,'유성구',6);
INSERT INTO SIGUNGU (SIGUNGU_NO, SIGUNGU_NAME, SIDO_NO) VALUES (70,'대덕구',6);
INSERT INTO SIGUNGU (SIGUNGU_NO, SIGUNGU_NAME, SIDO_NO) VALUES (71,'중구',7);
INSERT INTO SIGUNGU (SIGUNGU_NO, SIGUNGU_NAME, SIDO_NO) VALUES (72,'남구',7);
INSERT INTO SIGUNGU (SIGUNGU_NO, SIGUNGU_NAME, SIDO_NO) VALUES (73,'동구',7);
INSERT INTO SIGUNGU (SIGUNGU_NO, SIGUNGU_NAME, SIDO_NO) VALUES (74,'북구',7);
INSERT INTO SIGUNGU (SIGUNGU_NO, SIGUNGU_NAME, SIDO_NO) VALUES (75,'울주군',7);
INSERT INTO SIGUNGU (SIGUNGU_NO, SIGUNGU_NAME, SIDO_NO) VALUES (76,'세종',8);
INSERT INTO SIGUNGU (SIGUNGU_NO, SIGUNGU_NAME, SIDO_NO) VALUES (77,'수원시',9);
INSERT INTO SIGUNGU (SIGUNGU_NO, SIGUNGU_NAME, SIDO_NO) VALUES (78,'수원시 장안구',9);
INSERT INTO SIGUNGU (SIGUNGU_NO, SIGUNGU_NAME, SIDO_NO) VALUES (79,'수원시 권선구',9);
INSERT INTO SIGUNGU (SIGUNGU_NO, SIGUNGU_NAME, SIDO_NO) VALUES (80,'수원시 팔달구',9);
INSERT INTO SIGUNGU (SIGUNGU_NO, SIGUNGU_NAME, SIDO_NO) VALUES (81,'수원시 영통구',9);
INSERT INTO SIGUNGU (SIGUNGU_NO, SIGUNGU_NAME, SIDO_NO) VALUES (82,'성남시',9);
INSERT INTO SIGUNGU (SIGUNGU_NO, SIGUNGU_NAME, SIDO_NO) VALUES (83,'성남시 수정구',9);
INSERT INTO SIGUNGU (SIGUNGU_NO, SIGUNGU_NAME, SIDO_NO) VALUES (84,'성남시 중원구',9);
INSERT INTO SIGUNGU (SIGUNGU_NO, SIGUNGU_NAME, SIDO_NO) VALUES (85,'성남시 분당구',9);
INSERT INTO SIGUNGU (SIGUNGU_NO, SIGUNGU_NAME, SIDO_NO) VALUES (86,'의정부시',9);
INSERT INTO SIGUNGU (SIGUNGU_NO, SIGUNGU_NAME, SIDO_NO) VALUES (87,'안양시',9);
INSERT INTO SIGUNGU (SIGUNGU_NO, SIGUNGU_NAME, SIDO_NO) VALUES (88,'안양시 만안구',9);
INSERT INTO SIGUNGU (SIGUNGU_NO, SIGUNGU_NAME, SIDO_NO) VALUES (89,'안양시 동안구',9);
INSERT INTO SIGUNGU (SIGUNGU_NO, SIGUNGU_NAME, SIDO_NO) VALUES (90,'부천시',9);
INSERT INTO SIGUNGU (SIGUNGU_NO, SIGUNGU_NAME, SIDO_NO) VALUES (91,'부천시 원미구',9);
INSERT INTO SIGUNGU (SIGUNGU_NO, SIGUNGU_NAME, SIDO_NO) VALUES (92,'부천시 소사구',9);
INSERT INTO SIGUNGU (SIGUNGU_NO, SIGUNGU_NAME, SIDO_NO) VALUES (93,'부천시 오정구',9);
INSERT INTO SIGUNGU (SIGUNGU_NO, SIGUNGU_NAME, SIDO_NO) VALUES (94,'광명시',9);
INSERT INTO SIGUNGU (SIGUNGU_NO, SIGUNGU_NAME, SIDO_NO) VALUES (95,'평택시',9);
INSERT INTO SIGUNGU (SIGUNGU_NO, SIGUNGU_NAME, SIDO_NO) VALUES (96,'송탄출장소',9);
INSERT INTO SIGUNGU (SIGUNGU_NO, SIGUNGU_NAME, SIDO_NO) VALUES (97,'안중출장소',9);
INSERT INTO SIGUNGU (SIGUNGU_NO, SIGUNGU_NAME, SIDO_NO) VALUES (98,'동두천시',9);
INSERT INTO SIGUNGU (SIGUNGU_NO, SIGUNGU_NAME, SIDO_NO) VALUES (99,'안산시',9);
INSERT INTO SIGUNGU (SIGUNGU_NO, SIGUNGU_NAME, SIDO_NO) VALUES (100,'안산시 상록구',9);
INSERT INTO SIGUNGU (SIGUNGU_NO, SIGUNGU_NAME, SIDO_NO) VALUES (101,'안산시 단원구',9);
INSERT INTO SIGUNGU (SIGUNGU_NO, SIGUNGU_NAME, SIDO_NO) VALUES (102,'고양시',9);
INSERT INTO SIGUNGU (SIGUNGU_NO, SIGUNGU_NAME, SIDO_NO) VALUES (103,'고양시 덕양구',9);
INSERT INTO SIGUNGU (SIGUNGU_NO, SIGUNGU_NAME, SIDO_NO) VALUES (104,'고양시 일산동구',9);
INSERT INTO SIGUNGU (SIGUNGU_NO, SIGUNGU_NAME, SIDO_NO) VALUES (105,'고양시 일산서구',9);
INSERT INTO SIGUNGU (SIGUNGU_NO, SIGUNGU_NAME, SIDO_NO) VALUES (106,'과천시',9);
INSERT INTO SIGUNGU (SIGUNGU_NO, SIGUNGU_NAME, SIDO_NO) VALUES (107,'구리시',9);
INSERT INTO SIGUNGU (SIGUNGU_NO, SIGUNGU_NAME, SIDO_NO) VALUES (108,'남양주시',9);
INSERT INTO SIGUNGU (SIGUNGU_NO, SIGUNGU_NAME, SIDO_NO) VALUES (109,'풍양출장소',9);
INSERT INTO SIGUNGU (SIGUNGU_NO, SIGUNGU_NAME, SIDO_NO) VALUES (110,'오산시',9);
INSERT INTO SIGUNGU (SIGUNGU_NO, SIGUNGU_NAME, SIDO_NO) VALUES (111,'시흥시',9);
INSERT INTO SIGUNGU (SIGUNGU_NO, SIGUNGU_NAME, SIDO_NO) VALUES (112,'군포시',9);
INSERT INTO SIGUNGU (SIGUNGU_NO, SIGUNGU_NAME, SIDO_NO) VALUES (113,'의왕시',9);
INSERT INTO SIGUNGU (SIGUNGU_NO, SIGUNGU_NAME, SIDO_NO) VALUES (114,'하남시',9);
INSERT INTO SIGUNGU (SIGUNGU_NO, SIGUNGU_NAME, SIDO_NO) VALUES (115,'용인시',9);
INSERT INTO SIGUNGU (SIGUNGU_NO, SIGUNGU_NAME, SIDO_NO) VALUES (116,'용인시 처인구',9);
INSERT INTO SIGUNGU (SIGUNGU_NO, SIGUNGU_NAME, SIDO_NO) VALUES (117,'용인시 기흥구',9);
INSERT INTO SIGUNGU (SIGUNGU_NO, SIGUNGU_NAME, SIDO_NO) VALUES (118,'용인시 수지구',9);
INSERT INTO SIGUNGU (SIGUNGU_NO, SIGUNGU_NAME, SIDO_NO) VALUES (119,'파주시',9);
INSERT INTO SIGUNGU (SIGUNGU_NO, SIGUNGU_NAME, SIDO_NO) VALUES (120,'이천시',9);
INSERT INTO SIGUNGU (SIGUNGU_NO, SIGUNGU_NAME, SIDO_NO) VALUES (121,'안성시',9);
INSERT INTO SIGUNGU (SIGUNGU_NO, SIGUNGU_NAME, SIDO_NO) VALUES (122,'김포시',9);
INSERT INTO SIGUNGU (SIGUNGU_NO, SIGUNGU_NAME, SIDO_NO) VALUES (123,'화성시',9);
INSERT INTO SIGUNGU (SIGUNGU_NO, SIGUNGU_NAME, SIDO_NO) VALUES (124,'화성시동부출장소',9);
INSERT INTO SIGUNGU (SIGUNGU_NO, SIGUNGU_NAME, SIDO_NO) VALUES (125,'화성시동탄출장소',9);
INSERT INTO SIGUNGU (SIGUNGU_NO, SIGUNGU_NAME, SIDO_NO) VALUES (126,'광주시',9);
INSERT INTO SIGUNGU (SIGUNGU_NO, SIGUNGU_NAME, SIDO_NO) VALUES (127,'양주시',9);
INSERT INTO SIGUNGU (SIGUNGU_NO, SIGUNGU_NAME, SIDO_NO) VALUES (128,'포천시',9);
INSERT INTO SIGUNGU (SIGUNGU_NO, SIGUNGU_NAME, SIDO_NO) VALUES (129,'여주시',9);
INSERT INTO SIGUNGU (SIGUNGU_NO, SIGUNGU_NAME, SIDO_NO) VALUES (130,'연천군',9);
INSERT INTO SIGUNGU (SIGUNGU_NO, SIGUNGU_NAME, SIDO_NO) VALUES (131,'가평군',9);
INSERT INTO SIGUNGU (SIGUNGU_NO, SIGUNGU_NAME, SIDO_NO) VALUES (132,'양평군',9);
INSERT INTO SIGUNGU (SIGUNGU_NO, SIGUNGU_NAME, SIDO_NO) VALUES (133,'청주시',10);
INSERT INTO SIGUNGU (SIGUNGU_NO, SIGUNGU_NAME, SIDO_NO) VALUES (134,'청주시 상당구',10);
INSERT INTO SIGUNGU (SIGUNGU_NO, SIGUNGU_NAME, SIDO_NO) VALUES (135,'청주시 서원구',10);
INSERT INTO SIGUNGU (SIGUNGU_NO, SIGUNGU_NAME, SIDO_NO) VALUES (136,'청주시 흥덕구',10);
INSERT INTO SIGUNGU (SIGUNGU_NO, SIGUNGU_NAME, SIDO_NO) VALUES (137,'청주시 청원구',10);
INSERT INTO SIGUNGU (SIGUNGU_NO, SIGUNGU_NAME, SIDO_NO) VALUES (138,'충주시',10);
INSERT INTO SIGUNGU (SIGUNGU_NO, SIGUNGU_NAME, SIDO_NO) VALUES (139,'제천시',10);
INSERT INTO SIGUNGU (SIGUNGU_NO, SIGUNGU_NAME, SIDO_NO) VALUES (140,'보은군',10);
INSERT INTO SIGUNGU (SIGUNGU_NO, SIGUNGU_NAME, SIDO_NO) VALUES (141,'옥천군',10);
INSERT INTO SIGUNGU (SIGUNGU_NO, SIGUNGU_NAME, SIDO_NO) VALUES (142,'영동군',10);
INSERT INTO SIGUNGU (SIGUNGU_NO, SIGUNGU_NAME, SIDO_NO) VALUES (143,'증평군',10);
INSERT INTO SIGUNGU (SIGUNGU_NO, SIGUNGU_NAME, SIDO_NO) VALUES (144,'진천군',10);
INSERT INTO SIGUNGU (SIGUNGU_NO, SIGUNGU_NAME, SIDO_NO) VALUES (145,'괴산군',10);
INSERT INTO SIGUNGU (SIGUNGU_NO, SIGUNGU_NAME, SIDO_NO) VALUES (146,'음성군',10);
INSERT INTO SIGUNGU (SIGUNGU_NO, SIGUNGU_NAME, SIDO_NO) VALUES (147,'단양군',10);
INSERT INTO SIGUNGU (SIGUNGU_NO, SIGUNGU_NAME, SIDO_NO) VALUES (148,'천안시',11);
INSERT INTO SIGUNGU (SIGUNGU_NO, SIGUNGU_NAME, SIDO_NO) VALUES (149,'천안시 동남구',11);
INSERT INTO SIGUNGU (SIGUNGU_NO, SIGUNGU_NAME, SIDO_NO) VALUES (150,'천안시 서북구',11);
INSERT INTO SIGUNGU (SIGUNGU_NO, SIGUNGU_NAME, SIDO_NO) VALUES (151,'공주시',11);
INSERT INTO SIGUNGU (SIGUNGU_NO, SIGUNGU_NAME, SIDO_NO) VALUES (152,'보령시',11);
INSERT INTO SIGUNGU (SIGUNGU_NO, SIGUNGU_NAME, SIDO_NO) VALUES (153,'아산시',11);
INSERT INTO SIGUNGU (SIGUNGU_NO, SIGUNGU_NAME, SIDO_NO) VALUES (154,'서산시',11);
INSERT INTO SIGUNGU (SIGUNGU_NO, SIGUNGU_NAME, SIDO_NO) VALUES (155,'논산시',11);
INSERT INTO SIGUNGU (SIGUNGU_NO, SIGUNGU_NAME, SIDO_NO) VALUES (156,'계룡시',11);
INSERT INTO SIGUNGU (SIGUNGU_NO, SIGUNGU_NAME, SIDO_NO) VALUES (157,'당진시',11);
INSERT INTO SIGUNGU (SIGUNGU_NO, SIGUNGU_NAME, SIDO_NO) VALUES (158,'금산군',11);
INSERT INTO SIGUNGU (SIGUNGU_NO, SIGUNGU_NAME, SIDO_NO) VALUES (159,'부여군',11);
INSERT INTO SIGUNGU (SIGUNGU_NO, SIGUNGU_NAME, SIDO_NO) VALUES (160,'서천군',11);
INSERT INTO SIGUNGU (SIGUNGU_NO, SIGUNGU_NAME, SIDO_NO) VALUES (161,'청양군',11);
INSERT INTO SIGUNGU (SIGUNGU_NO, SIGUNGU_NAME, SIDO_NO) VALUES (162,'홍성군',11);
INSERT INTO SIGUNGU (SIGUNGU_NO, SIGUNGU_NAME, SIDO_NO) VALUES (163,'예산군',11);
INSERT INTO SIGUNGU (SIGUNGU_NO, SIGUNGU_NAME, SIDO_NO) VALUES (164,'태안군',11);
INSERT INTO SIGUNGU (SIGUNGU_NO, SIGUNGU_NAME, SIDO_NO) VALUES (165,'전주시',12);
INSERT INTO SIGUNGU (SIGUNGU_NO, SIGUNGU_NAME, SIDO_NO) VALUES (166,'전주시 완산구',12);
INSERT INTO SIGUNGU (SIGUNGU_NO, SIGUNGU_NAME, SIDO_NO) VALUES (167,'전주시 덕진구',12);
INSERT INTO SIGUNGU (SIGUNGU_NO, SIGUNGU_NAME, SIDO_NO) VALUES (168,'군산시',12);
INSERT INTO SIGUNGU (SIGUNGU_NO, SIGUNGU_NAME, SIDO_NO) VALUES (169,'익산시',12);
INSERT INTO SIGUNGU (SIGUNGU_NO, SIGUNGU_NAME, SIDO_NO) VALUES (170,'정읍시',12);
INSERT INTO SIGUNGU (SIGUNGU_NO, SIGUNGU_NAME, SIDO_NO) VALUES (171,'남원시',12);
INSERT INTO SIGUNGU (SIGUNGU_NO, SIGUNGU_NAME, SIDO_NO) VALUES (172,'김제시',12);
INSERT INTO SIGUNGU (SIGUNGU_NO, SIGUNGU_NAME, SIDO_NO) VALUES (173,'완주군',12);
INSERT INTO SIGUNGU (SIGUNGU_NO, SIGUNGU_NAME, SIDO_NO) VALUES (174,'진안군',12);
INSERT INTO SIGUNGU (SIGUNGU_NO, SIGUNGU_NAME, SIDO_NO) VALUES (175,'무주군',12);
INSERT INTO SIGUNGU (SIGUNGU_NO, SIGUNGU_NAME, SIDO_NO) VALUES (176,'장수군',12);
INSERT INTO SIGUNGU (SIGUNGU_NO, SIGUNGU_NAME, SIDO_NO) VALUES (177,'임실군',12);
INSERT INTO SIGUNGU (SIGUNGU_NO, SIGUNGU_NAME, SIDO_NO) VALUES (178,'순창군',12);
INSERT INTO SIGUNGU (SIGUNGU_NO, SIGUNGU_NAME, SIDO_NO) VALUES (179,'고창군',12);
INSERT INTO SIGUNGU (SIGUNGU_NO, SIGUNGU_NAME, SIDO_NO) VALUES (180,'부안군',12);
INSERT INTO SIGUNGU (SIGUNGU_NO, SIGUNGU_NAME, SIDO_NO) VALUES (181,'목포시',13);
INSERT INTO SIGUNGU (SIGUNGU_NO, SIGUNGU_NAME, SIDO_NO) VALUES (182,'여수시',13);
INSERT INTO SIGUNGU (SIGUNGU_NO, SIGUNGU_NAME, SIDO_NO) VALUES (183,'순천시',13);
INSERT INTO SIGUNGU (SIGUNGU_NO, SIGUNGU_NAME, SIDO_NO) VALUES (184,'나주시',13);
INSERT INTO SIGUNGU (SIGUNGU_NO, SIGUNGU_NAME, SIDO_NO) VALUES (185,'광양시',13);
INSERT INTO SIGUNGU (SIGUNGU_NO, SIGUNGU_NAME, SIDO_NO) VALUES (186,'담양군',13);
INSERT INTO SIGUNGU (SIGUNGU_NO, SIGUNGU_NAME, SIDO_NO) VALUES (187,'곡성군',13);
INSERT INTO SIGUNGU (SIGUNGU_NO, SIGUNGU_NAME, SIDO_NO) VALUES (188,'구례군',13);
INSERT INTO SIGUNGU (SIGUNGU_NO, SIGUNGU_NAME, SIDO_NO) VALUES (189,'고흥군',13);
INSERT INTO SIGUNGU (SIGUNGU_NO, SIGUNGU_NAME, SIDO_NO) VALUES (190,'보성군',13);
INSERT INTO SIGUNGU (SIGUNGU_NO, SIGUNGU_NAME, SIDO_NO) VALUES (191,'화순군',13);
INSERT INTO SIGUNGU (SIGUNGU_NO, SIGUNGU_NAME, SIDO_NO) VALUES (192,'장흥군',13);
INSERT INTO SIGUNGU (SIGUNGU_NO, SIGUNGU_NAME, SIDO_NO) VALUES (193,'강진군',13);
INSERT INTO SIGUNGU (SIGUNGU_NO, SIGUNGU_NAME, SIDO_NO) VALUES (194,'해남군',13);
INSERT INTO SIGUNGU (SIGUNGU_NO, SIGUNGU_NAME, SIDO_NO) VALUES (195,'영암군',13);
INSERT INTO SIGUNGU (SIGUNGU_NO, SIGUNGU_NAME, SIDO_NO) VALUES (196,'무안군',13);
INSERT INTO SIGUNGU (SIGUNGU_NO, SIGUNGU_NAME, SIDO_NO) VALUES (197,'함평군',13);
INSERT INTO SIGUNGU (SIGUNGU_NO, SIGUNGU_NAME, SIDO_NO) VALUES (198,'영광군',13);
INSERT INTO SIGUNGU (SIGUNGU_NO, SIGUNGU_NAME, SIDO_NO) VALUES (199,'장성군',13);
INSERT INTO SIGUNGU (SIGUNGU_NO, SIGUNGU_NAME, SIDO_NO) VALUES (200,'완도군',13);
INSERT INTO SIGUNGU (SIGUNGU_NO, SIGUNGU_NAME, SIDO_NO) VALUES (201,'진도군',13);
INSERT INTO SIGUNGU (SIGUNGU_NO, SIGUNGU_NAME, SIDO_NO) VALUES (202,'신안군',13);
INSERT INTO SIGUNGU (SIGUNGU_NO, SIGUNGU_NAME, SIDO_NO) VALUES (203,'포항시',14);
INSERT INTO SIGUNGU (SIGUNGU_NO, SIGUNGU_NAME, SIDO_NO) VALUES (204,'포항시 남구',14);
INSERT INTO SIGUNGU (SIGUNGU_NO, SIGUNGU_NAME, SIDO_NO) VALUES (205,'포항시 북구',14);
INSERT INTO SIGUNGU (SIGUNGU_NO, SIGUNGU_NAME, SIDO_NO) VALUES (206,'경주시',14);
INSERT INTO SIGUNGU (SIGUNGU_NO, SIGUNGU_NAME, SIDO_NO) VALUES (207,'김천시',14);
INSERT INTO SIGUNGU (SIGUNGU_NO, SIGUNGU_NAME, SIDO_NO) VALUES (208,'안동시',14);
INSERT INTO SIGUNGU (SIGUNGU_NO, SIGUNGU_NAME, SIDO_NO) VALUES (209,'구미시',14);
INSERT INTO SIGUNGU (SIGUNGU_NO, SIGUNGU_NAME, SIDO_NO) VALUES (210,'영주시',14);
INSERT INTO SIGUNGU (SIGUNGU_NO, SIGUNGU_NAME, SIDO_NO) VALUES (211,'영천시',14);
INSERT INTO SIGUNGU (SIGUNGU_NO, SIGUNGU_NAME, SIDO_NO) VALUES (212,'상주시',14);
INSERT INTO SIGUNGU (SIGUNGU_NO, SIGUNGU_NAME, SIDO_NO) VALUES (213,'문경시',14);
INSERT INTO SIGUNGU (SIGUNGU_NO, SIGUNGU_NAME, SIDO_NO) VALUES (214,'경산시',14);
INSERT INTO SIGUNGU (SIGUNGU_NO, SIGUNGU_NAME, SIDO_NO) VALUES (215,'의성군',14);
INSERT INTO SIGUNGU (SIGUNGU_NO, SIGUNGU_NAME, SIDO_NO) VALUES (216,'청송군',14);
INSERT INTO SIGUNGU (SIGUNGU_NO, SIGUNGU_NAME, SIDO_NO) VALUES (217,'영양군',14);
INSERT INTO SIGUNGU (SIGUNGU_NO, SIGUNGU_NAME, SIDO_NO) VALUES (218,'영덕군',14);
INSERT INTO SIGUNGU (SIGUNGU_NO, SIGUNGU_NAME, SIDO_NO) VALUES (219,'청도군',14);
INSERT INTO SIGUNGU (SIGUNGU_NO, SIGUNGU_NAME, SIDO_NO) VALUES (220,'고령군',14);
INSERT INTO SIGUNGU (SIGUNGU_NO, SIGUNGU_NAME, SIDO_NO) VALUES (221,'성주군',14);
INSERT INTO SIGUNGU (SIGUNGU_NO, SIGUNGU_NAME, SIDO_NO) VALUES (222,'칠곡군',14);
INSERT INTO SIGUNGU (SIGUNGU_NO, SIGUNGU_NAME, SIDO_NO) VALUES (223,'예천군',14);
INSERT INTO SIGUNGU (SIGUNGU_NO, SIGUNGU_NAME, SIDO_NO) VALUES (224,'봉화군',14);
INSERT INTO SIGUNGU (SIGUNGU_NO, SIGUNGU_NAME, SIDO_NO) VALUES (225,'울진군',14);
INSERT INTO SIGUNGU (SIGUNGU_NO, SIGUNGU_NAME, SIDO_NO) VALUES (226,'울릉군',14);
INSERT INTO SIGUNGU (SIGUNGU_NO, SIGUNGU_NAME, SIDO_NO) VALUES (227,'창원시',15);
INSERT INTO SIGUNGU (SIGUNGU_NO, SIGUNGU_NAME, SIDO_NO) VALUES (228,'창원시 의창구',15);
INSERT INTO SIGUNGU (SIGUNGU_NO, SIGUNGU_NAME, SIDO_NO) VALUES (229,'창원시 성산구',15);
INSERT INTO SIGUNGU (SIGUNGU_NO, SIGUNGU_NAME, SIDO_NO) VALUES (230,'창원시 마산합포구',15);
INSERT INTO SIGUNGU (SIGUNGU_NO, SIGUNGU_NAME, SIDO_NO) VALUES (231,'창원시 마산회원구',15);
INSERT INTO SIGUNGU (SIGUNGU_NO, SIGUNGU_NAME, SIDO_NO) VALUES (232,'창원시 진해구',15);
INSERT INTO SIGUNGU (SIGUNGU_NO, SIGUNGU_NAME, SIDO_NO) VALUES (233,'진주시',15);
INSERT INTO SIGUNGU (SIGUNGU_NO, SIGUNGU_NAME, SIDO_NO) VALUES (234,'통영시',15);
INSERT INTO SIGUNGU (SIGUNGU_NO, SIGUNGU_NAME, SIDO_NO) VALUES (235,'사천시',15);
INSERT INTO SIGUNGU (SIGUNGU_NO, SIGUNGU_NAME, SIDO_NO) VALUES (236,'김해시',15);
INSERT INTO SIGUNGU (SIGUNGU_NO, SIGUNGU_NAME, SIDO_NO) VALUES (237,'장유출장소',15);
INSERT INTO SIGUNGU (SIGUNGU_NO, SIGUNGU_NAME, SIDO_NO) VALUES (238,'밀양시',15);
INSERT INTO SIGUNGU (SIGUNGU_NO, SIGUNGU_NAME, SIDO_NO) VALUES (239,'거제시',15);
INSERT INTO SIGUNGU (SIGUNGU_NO, SIGUNGU_NAME, SIDO_NO) VALUES (240,'양산시',15);
INSERT INTO SIGUNGU (SIGUNGU_NO, SIGUNGU_NAME, SIDO_NO) VALUES (241,'의령군',15);
INSERT INTO SIGUNGU (SIGUNGU_NO, SIGUNGU_NAME, SIDO_NO) VALUES (242,'함안군',15);
INSERT INTO SIGUNGU (SIGUNGU_NO, SIGUNGU_NAME, SIDO_NO) VALUES (243,'창녕군',15);
INSERT INTO SIGUNGU (SIGUNGU_NO, SIGUNGU_NAME, SIDO_NO) VALUES (244,'고성군',15);
INSERT INTO SIGUNGU (SIGUNGU_NO, SIGUNGU_NAME, SIDO_NO) VALUES (245,'남해군',15);
INSERT INTO SIGUNGU (SIGUNGU_NO, SIGUNGU_NAME, SIDO_NO) VALUES (246,'하동군',15);
INSERT INTO SIGUNGU (SIGUNGU_NO, SIGUNGU_NAME, SIDO_NO) VALUES (247,'산청군',15);
INSERT INTO SIGUNGU (SIGUNGU_NO, SIGUNGU_NAME, SIDO_NO) VALUES (248,'함양군',15);
INSERT INTO SIGUNGU (SIGUNGU_NO, SIGUNGU_NAME, SIDO_NO) VALUES (249,'거창군',15);
INSERT INTO SIGUNGU (SIGUNGU_NO, SIGUNGU_NAME, SIDO_NO) VALUES (250,'합천군',15);
INSERT INTO SIGUNGU (SIGUNGU_NO, SIGUNGU_NAME, SIDO_NO) VALUES (251,'제주시',16);
INSERT INTO SIGUNGU (SIGUNGU_NO, SIGUNGU_NAME, SIDO_NO) VALUES (252,'서귀포시',16);
INSERT INTO SIGUNGU (SIGUNGU_NO, SIGUNGU_NAME, SIDO_NO) VALUES (253,'춘천시',17);
INSERT INTO SIGUNGU (SIGUNGU_NO, SIGUNGU_NAME, SIDO_NO) VALUES (254,'원주시',17);
INSERT INTO SIGUNGU (SIGUNGU_NO, SIGUNGU_NAME, SIDO_NO) VALUES (255,'강릉시',17);
INSERT INTO SIGUNGU (SIGUNGU_NO, SIGUNGU_NAME, SIDO_NO) VALUES (256,'동해시',17);
INSERT INTO SIGUNGU (SIGUNGU_NO, SIGUNGU_NAME, SIDO_NO) VALUES (257,'태백시',17);
INSERT INTO SIGUNGU (SIGUNGU_NO, SIGUNGU_NAME, SIDO_NO) VALUES (258,'속초시',17);
INSERT INTO SIGUNGU (SIGUNGU_NO, SIGUNGU_NAME, SIDO_NO) VALUES (259,'삼척시',17);
INSERT INTO SIGUNGU (SIGUNGU_NO, SIGUNGU_NAME, SIDO_NO) VALUES (260,'홍천군',17);
INSERT INTO SIGUNGU (SIGUNGU_NO, SIGUNGU_NAME, SIDO_NO) VALUES (261,'횡성군',17);
INSERT INTO SIGUNGU (SIGUNGU_NO, SIGUNGU_NAME, SIDO_NO) VALUES (262,'영월군',17);
INSERT INTO SIGUNGU (SIGUNGU_NO, SIGUNGU_NAME, SIDO_NO) VALUES (263,'평창군',17);
INSERT INTO SIGUNGU (SIGUNGU_NO, SIGUNGU_NAME, SIDO_NO) VALUES (264,'정선군',17);
INSERT INTO SIGUNGU (SIGUNGU_NO, SIGUNGU_NAME, SIDO_NO) VALUES (265,'철원군',17);
INSERT INTO SIGUNGU (SIGUNGU_NO, SIGUNGU_NAME, SIDO_NO) VALUES (266,'화천군',17);
INSERT INTO SIGUNGU (SIGUNGU_NO, SIGUNGU_NAME, SIDO_NO) VALUES (267,'양구군',17);
INSERT INTO SIGUNGU (SIGUNGU_NO, SIGUNGU_NAME, SIDO_NO) VALUES (268,'인제군',17);
INSERT INTO SIGUNGU (SIGUNGU_NO, SIGUNGU_NAME, SIDO_NO) VALUES (269,'고성군',17);
INSERT INTO SIGUNGU (SIGUNGU_NO, SIGUNGU_NAME, SIDO_NO) VALUES (270,'양양군',17);

/*첨부파일*/
INSERT INTO ATTACHMENT
VALUES (SEQ_ATTNO.NEXTVAL, 'OIP.jpg', '20240112100259200769633.jpg', 'C:\java\mandlemandle\mandlemandle\WebContent\resources\portfolio_upfiles\', SYSDATE, 'Y', 2, 1, 1);
INSERT INTO ATTACHMENT
VALUES (SEQ_ATTNO.NEXTVAL, 'OIP (1).jpg', '20240112100259800931215.jpg', 'C:\java\mandlemandle\mandlemandle\WebContent\resources\portfolio_upfiles\', SYSDATE, 'Y', 2, 1, 2);
INSERT INTO ATTACHMENT
VALUES (SEQ_ATTNO.NEXTVAL, 'OIP.jpg', '1286.jpg_wh860.jpg', 'C:\java\mandlemandle\mandlemandle\WebContent\resources\portfolio_upfiles\', SYSDATE, 'Y', 2, 2, 1);
INSERT INTO ATTACHMENT
VALUES (SEQ_ATTNO.NEXTVAL, 'OIP (1).jpg', 'OIP.jpg', 'C:\java\mandlemandle\mandlemandle\WebContent\resources\portfolio_upfiles\', SYSDATE, 'Y', 2, 2, 2);
INSERT INTO ATTACHMENT
VALUES (SEQ_ATTNO.NEXTVAL, 'OIP (1).jpg', 'bbfa4986b59a4bb4a607cc1208830de2.jpg', 'C:\java\mandlemandle\mandlemandle\WebContent\resources\portfolio_upfiles\', SYSDATE, 'Y', 2, 2, 2);
INSERT INTO ATTACHMENT
VALUES (SEQ_ATTNO.NEXTVAL, 'OIP (1).jpg', 'OIP (1).jpg', 'C:\java\mandlemandle\mandlemandle\WebContent\resources\portfolio_upfiles\', SYSDATE, 'Y', 2, 2, 2);
INSERT INTO ATTACHMENT
VALUES (SEQ_ATTNO.NEXTVAL, 'OIP (1).jpg', 'lovepik-run-png-image_401394327_wh1200.png', 'C:\java\mandlemandle\mandlemandle\WebContent\resources\portfolio_upfiles\', SYSDATE, 'Y', 2, 3, 1);
INSERT INTO ATTACHMENT
VALUES (SEQ_ATTNO.NEXTVAL, 'OIP (1).jpg', 'OIP (2).jpg', 'C:\java\mandlemandle\mandlemandle\WebContent\resources\portfolio_upfiles\', SYSDATE, 'Y', 2, 3, 2);
INSERT INTO ATTACHMENT
VALUES (SEQ_ATTNO.NEXTVAL, 'OIP (1).jpg', 'pngtree-cute-running-boy-png-image_4524830.jpg', 'C:\java\mandlemandle\mandlemandle\WebContent\resources\portfolio_upfiles\', SYSDATE, 'Y', 2, 3, 2);
INSERT INTO ATTACHMENT
VALUES (SEQ_ATTNO.NEXTVAL, 'OIP (1).jpg', '20210525104301790vykc.png', 'C:\java\mandlemandle\mandlemandle\WebContent\resources\portfolio_upfiles\', SYSDATE, 'Y', 2, 3, 2);
INSERT INTO ATTACHMENT
VALUES (SEQ_ATTNO.NEXTVAL, 'OIP (1).jpg', 'OIP (3).jpg', 'C:\java\mandlemandle\mandlemandle\WebContent\resources\portfolio_upfiles\', SYSDATE, 'Y', 2, 4, 1);
INSERT INTO ATTACHMENT
VALUES (SEQ_ATTNO.NEXTVAL, 'OIP (1).jpg', '1.jpg', 'C:\java\mandlemandle\mandlemandle\WebContent\resources\portfolio_upfiles\', SYSDATE, 'Y', 2, 5, 1);
INSERT INTO ATTACHMENT
VALUES (SEQ_ATTNO.NEXTVAL, 'OIP (1).jpg', '2.jpg', 'C:\java\mandlemandle\mandlemandle\WebContent\resources\portfolio_upfiles\', SYSDATE, 'Y', 2, 6, 1);
INSERT INTO ATTACHMENT
VALUES (SEQ_ATTNO.NEXTVAL, 'OIP (1).jpg', '3.jpg', 'C:\java\mandlemandle\mandlemandle\WebContent\resources\portfolio_upfiles\', SYSDATE, 'Y', 2, 7, 1);
INSERT INTO ATTACHMENT
VALUES (SEQ_ATTNO.NEXTVAL, 'OIP (1).jpg', '4.jpg', 'C:\java\mandlemandle\mandlemandle\WebContent\resources\portfolio_upfiles\', SYSDATE, 'Y', 2, 8, 1);
INSERT INTO ATTACHMENT
VALUES (SEQ_ATTNO.NEXTVAL, 'OIP (1).jpg', '5.jpg', 'C:\java\mandlemandle\mandlemandle\WebContent\resources\portfolio_upfiles\', SYSDATE, 'Y', 2, 9, 1);
INSERT INTO ATTACHMENT
VALUES (SEQ_ATTNO.NEXTVAL, 'OIP (1).jpg', '6.jpg', 'C:\java\mandlemandle\mandlemandle\WebContent\resources\portfolio_upfiles\', SYSDATE, 'Y', 2, 10, 1);
INSERT INTO ATTACHMENT
VALUES (SEQ_ATTNO.NEXTVAL, 'OIP (1).jpg', '7.jpg', 'C:\java\mandlemandle\mandlemandle\WebContent\resources\portfolio_upfiles\', SYSDATE, 'Y', 2,11, 1);
INSERT INTO ATTACHMENT
VALUES (SEQ_ATTNO.NEXTVAL, 'OIP (1).jpg', '8.jpg', 'C:\java\mandlemandle\mandlemandle\WebContent\resources\portfolio_upfiles\', SYSDATE, 'Y', 2, 12, 1);
INSERT INTO ATTACHMENT
VALUES (SEQ_ATTNO.NEXTVAL, 'OIP (1).jpg', '9.jpg', 'C:\java\mandlemandle\mandlemandle\WebContent\resources\portfolio_upfiles\', SYSDATE, 'Y', 2, 13, 1);
INSERT INTO ATTACHMENT
VALUES (SEQ_ATTNO.NEXTVAL, 'OIP (1).jpg', '10.jpg', 'C:\java\mandlemandle\mandlemandle\WebContent\resources\portfolio_upfiles\', SYSDATE, 'Y', 2, 14, 1);
INSERT INTO ATTACHMENT
VALUES (SEQ_ATTNO.NEXTVAL, 'OIP (1).jpg', '11.jpg', 'C:\java\mandlemandle\mandlemandle\WebContent\resources\portfolio_upfiles\', SYSDATE, 'Y', 2, 15, 1);
INSERT INTO ATTACHMENT
VALUES (SEQ_ATTNO.NEXTVAL, 'OIP (1).jpg', '12.jpg', 'C:\java\mandlemandle\mandlemandle\WebContent\resources\portfolio_upfiles\', SYSDATE, 'Y', 2, 16, 1);
INSERT INTO ATTACHMENT
VALUES (SEQ_ATTNO.NEXTVAL, 'OIP (1).jpg', '13.jpg', 'C:\java\mandlemandle\mandlemandle\WebContent\resources\portfolio_upfiles\', SYSDATE, 'Y', 2, 17, 1);
INSERT INTO ATTACHMENT
VALUES (SEQ_ATTNO.NEXTVAL, 'OIP (1).jpg', '14.jpg', 'C:\java\mandlemandle\mandlemandle\WebContent\resources\portfolio_upfiles\', SYSDATE, 'Y', 2, 18, 1);
INSERT INTO ATTACHMENT
VALUES (SEQ_ATTNO.NEXTVAL, 'OIP (1).jpg', '15.jpg', 'C:\java\mandlemandle\mandlemandle\WebContent\resources\portfolio_upfiles\', SYSDATE, 'Y', 2, 19, 1);
INSERT INTO ATTACHMENT
VALUES (SEQ_ATTNO.NEXTVAL, 'OIP (1).jpg', '16.jpg', 'C:\java\mandlemandle\mandlemandle\WebContent\resources\portfolio_upfiles\', SYSDATE, 'Y', 2, 20, 1);
INSERT INTO ATTACHMENT
VALUES (SEQ_ATTNO.NEXTVAL, 'OIP (1).jpg', '17.jpg', 'C:\java\mandlemandle\mandlemandle\WebContent\resources\portfolio_upfiles\', SYSDATE, 'Y', 2, 21, 1);
INSERT INTO ATTACHMENT
VALUES (SEQ_ATTNO.NEXTVAL, 'OIP (1).jpg', '18.jpg', 'C:\java\mandlemandle\mandlemandle\WebContent\resources\portfolio_upfiles\', SYSDATE, 'Y', 2, 22, 1);
INSERT INTO ATTACHMENT
VALUES (SEQ_ATTNO.NEXTVAL, 'OIP (1).jpg', '19.jpg', 'C:\java\mandlemandle\mandlemandle\WebContent\resources\portfolio_upfiles\', SYSDATE, 'Y', 2, 23, 1);
INSERT INTO ATTACHMENT
VALUES (SEQ_ATTNO.NEXTVAL, 'OIP (1).jpg', '20.jpg', 'C:\java\mandlemandle\mandlemandle\WebContent\resources\portfolio_upfiles\', SYSDATE, 'Y', 2, 24, 1);
INSERT INTO ATTACHMENT
VALUES (SEQ_ATTNO.NEXTVAL, 'OIP (1).jpg', '21.jpg', 'C:\java\mandlemandle\mandlemandle\WebContent\resources\portfolio_upfiles\', SYSDATE, 'Y', 2, 25, 1);
INSERT INTO ATTACHMENT
VALUES (SEQ_ATTNO.NEXTVAL, 'OIP (1).jpg', '22.jpg', 'C:\java\mandlemandle\mandlemandle\WebContent\resources\portfolio_upfiles\', SYSDATE, 'Y', 2, 26, 1);
INSERT INTO ATTACHMENT
VALUES (SEQ_ATTNO.NEXTVAL, 'OIP (1).jpg', '23.jpg', 'C:\java\mandlemandle\mandlemandle\WebContent\resources\portfolio_upfiles\', SYSDATE, 'Y', 2, 27, 1);
INSERT INTO ATTACHMENT
VALUES (SEQ_ATTNO.NEXTVAL, 'OIP (1).jpg', '24.jpg', 'C:\java\mandlemandle\mandlemandle\WebContent\resources\portfolio_upfiles\', SYSDATE, 'Y', 2, 28, 1);
INSERT INTO ATTACHMENT
VALUES (SEQ_ATTNO.NEXTVAL, 'OIP (1).jpg', '25.jpg', 'C:\java\mandlemandle\mandlemandle\WebContent\resources\portfolio_upfiles\', SYSDATE, 'Y', 2, 29, 1);
INSERT INTO ATTACHMENT
VALUES (SEQ_ATTNO.NEXTVAL, 'OIP (1).jpg', '26.jpg', 'C:\java\mandlemandle\mandlemandle\WebContent\resources\portfolio_upfiles\', SYSDATE, 'Y', 2, 30, 1);
INSERT INTO ATTACHMENT
VALUES (SEQ_ATTNO.NEXTVAL, 'OIP (1).jpg', '27.jpg', 'C:\java\mandlemandle\mandlemandle\WebContent\resources\portfolio_upfiles\', SYSDATE, 'Y', 2, 31, 1);
INSERT INTO ATTACHMENT
VALUES (SEQ_ATTNO.NEXTVAL, 'OIP (1).jpg', '28.jpg', 'C:\java\mandlemandle\mandlemandle\WebContent\resources\portfolio_upfiles\', SYSDATE, 'Y', 2, 32, 1);
INSERT INTO ATTACHMENT
VALUES (SEQ_ATTNO.NEXTVAL, 'OIP (1).jpg', '29.jpg', 'C:\java\mandlemandle\mandlemandle\WebContent\resources\portfolio_upfiles\', SYSDATE, 'Y', 2, 33, 1);
INSERT INTO ATTACHMENT
VALUES (SEQ_ATTNO.NEXTVAL, 'OIP (1).jpg', '30.jpg', 'C:\java\mandlemandle\mandlemandle\WebContent\resources\portfolio_upfiles\', SYSDATE, 'Y', 2, 34, 1);
INSERT INTO ATTACHMENT
VALUES (SEQ_ATTNO.NEXTVAL, 'OIP (1).jpg', '31.jpg', 'C:\java\mandlemandle\mandlemandle\WebContent\resources\portfolio_upfiles\', SYSDATE, 'Y', 2, 35, 1);
INSERT INTO ATTACHMENT
VALUES (SEQ_ATTNO.NEXTVAL, 'OIP (1).jpg', '32.jpg', 'C:\java\mandlemandle\mandlemandle\WebContent\resources\portfolio_upfiles\', SYSDATE, 'Y', 2, 36, 1);

commit;